,user,full_text,posting_time
0,Julian Hill MP,"@DougCameron51 @JoshFrydenberg Same level of courage as Peter Costello. But a far far worse Treasurer - record debt, still in deficit and a weak economy - and that was before COVID!",Sat Oct 16 02:43:22 +0000 2021
1,Julian Hill MP,"RT @DougCameron51: What a boring, pathetic piss ant of a politician @JoshFrydenberg is!
No shame. Defended inaction on global warming, Hadâ€¦",Sat Oct 16 02:42:33 +0000 2021
2,Julian Hill MP,"So 8 years of failure &amp; missed opportunities - 21 failed climate policies already - isnâ€™t long enough?
#auspol https://t.co/umIMNafcM2",Fri Oct 15 20:31:24 +0000 2021
3,Julian Hill MP,"RT @SenKatyG: The Morrison Government wants us to forget that they had doubled the debt to historic highs BEFORE #COVID19
 
End Sept 2013 gâ€¦",Fri Oct 15 06:19:32 +0000 2021
4,Julian Hill MP,"Ummm, Matty, you do know how that story ends right? 
#auspol https://t.co/WG6qxHRRhI",Thu Oct 14 23:49:50 +0000 2021
5,Julian Hill MP,"@mattjcan Ummm, you do know how that story ends right? 
#auspol",Thu Oct 14 23:44:18 +0000 2021
6,Julian Hill MP,How many tools can you count in this photo? https://t.co/Bk7cMCoWsG,Thu Oct 14 21:54:55 +0000 2021
7,Julian Hill MP,"Cosplay Canavan loves the dress-up box!

An accountant by trade, he likes to pretend he's a miner.

While workers in regional Australia are screwed over by his LNP Government.
#auspol https://t.co/YTo2pXhLur",Thu Oct 14 21:54:53 +0000 2021
8,Julian Hill MP,"LOL ğŸ˜‚ ğŸ˜‚ ğŸ˜‚ 

Thanks Urban Dictionary 
#DoingaMorrison #auspol
 
https://t.co/VhRCoGAKkh https://t.co/q1Gcg0O0pm",Thu Oct 14 21:05:16 +0000 2021
9,Julian Hill MP,RT @markdreyfusQCMP: We've been waiting eight years for this government to have a proper policy on climate. It's absurd we now have to waitâ€¦,Thu Oct 14 20:56:10 +0000 2021
10,Julian Hill MP,"RT @Lisa_Wilkinson: What a completely reasonable point for this NSW voter to makeâ€¦

And what an utterly bizarre response from the new NSW Pâ€¦",Thu Oct 14 20:46:04 +0000 2021
11,Julian Hill MP,"Ummmâ€¦.Matty dear, just reminding you, that youâ€™re the Government. 

Youâ€™ve been the Government for 8 years. Act like it.

This is a question for you.
#auspol https://t.co/ntddSa1oCH",Thu Oct 14 05:39:08 +0000 2021
12,Julian Hill MP,ğŸ¤¦ğŸ»â€â™‚ï¸ğŸ¤¦ğŸ»â€â™‚ï¸ğŸ¤¦ğŸ»â€â™‚ï¸ğŸ¤¦ğŸ»â€â™‚ï¸ğŸ¤¦ğŸ»â€â™‚ï¸ğŸ¤¦ğŸ»â€â™‚ï¸ğŸ¤¦ğŸ»â€â™‚ï¸ğŸ¤¦ğŸ»â€â™‚ï¸ğŸ¤¦ğŸ»â€â™‚ï¸ğŸ¤¦ğŸ»â€â™‚ï¸ğŸ¤¦ğŸ»â€â™‚ï¸ğŸ¤¦ğŸ»â€â™‚ï¸ https://t.co/FC695KjHKy https://t.co/O1BGYrByth,Thu Oct 14 05:37:02 +0000 2021
13,Julian Hill MP,"RT @MurdochCadell: Thank you Julian Hill MP.
@JulianHillMP @MaryKostakidis 
Worth a watch, only a few minutes long. The points he makes seeâ€¦",Wed Oct 13 22:14:01 +0000 2021
14,Julian Hill MP,"Last time this happened, Liberal Senator Amanda Stoker agreed it wasnâ€™t a good look, and the Member resigned from the AAT.

Will she speak up today? Will this bloke quit now? https://t.co/evWooPjhuj",Wed Oct 13 22:13:54 +0000 2021
15,Julian Hill MP,"This stinks. Lobbyists should not be members of the AAT.

Morrison is stacking out the AAT, using it as a lucrative jobs scheme for Liberal Party hacks &amp; failed MPs.
#auspol 
https://t.co/Bidjp6a1Zd",Wed Oct 13 22:13:49 +0000 2021
16,Julian Hill MP,"ğŸŒ This impotent government is talking about going to the moon &amp; collecting lunar soil for a science.

Yet for 8 years theyâ€™ve failed to act on climate change for this planet.

Still not even a target for 2050 ğŸŒ
#auspol #NetZero #ClimateAction",Tue Oct 12 21:42:30 +0000 2021
17,Julian Hill MP,"So many Australians were only in Afghanistan, as theyâ€™d been waiting for years, with their husbands and wives, for this miserable government to process their partner visas.

No words are truly adequate to condemn Morrisonâ€™s nasty government for this.
#auspol https://t.co/Ueu55RAkUX",Mon Oct 11 10:01:33 +0000 2021
18,Julian Hill MP,"Scottyâ€™s had a go.

Now heâ€™s gotta go.

#Albo4PM #auspol https://t.co/iUtJk5eSlQ",Sun Oct 10 09:25:29 +0000 2021
19,Julian Hill MP,RT @amapresident: So @ScottMorrisonMP says states have had time to prepare hospitals for COVID- and maybe heâ€™s right- but they havenâ€™t gotâ€¦,Fri Oct 08 21:03:02 +0000 2021
20,Julian Hill MP,RT @MrKRudd: First Morrison and Dutton recklessly shred Australia's reputation as a trustworthy partner. Now the Americans have to work oveâ€¦,Fri Oct 08 21:01:20 +0000 2021
21,Julian Hill MP,@sohifee90 Email me at Julian.Hill.MP@aph.gov.au,Fri Oct 08 10:42:41 +0000 2021
22,Julian Hill MP,@GrumpySevant @davidbewart Email me at Julian.Hill.MP@aph.gov.au,Fri Oct 08 10:41:39 +0000 2021
23,Julian Hill MP,"@thelowdownlow Thanks, thatâ€™s very kind and much appreciated.",Fri Oct 08 10:41:08 +0000 2021
24,Julian Hill MP,@CottonPru If you want to get involved email me at Julian.Hill.MP@aph.gov.au,Fri Oct 08 10:40:02 +0000 2021
25,Julian Hill MP,RT @t_charn522: @JulianHillMP https://t.co/FfzmyAlMm6,Fri Oct 08 09:00:10 +0000 2021
26,Julian Hill MP,RT @AustralianLabor: Scott Morrison has no control over his party and no direction as to where Australia should be heading. #auspol https:/â€¦,Fri Oct 08 08:59:29 +0000 2021
27,Julian Hill MP,"Democracy isnâ€™t a spectator sport.

Itâ€™s up to you.

If you want to get involved, to help Labor get rid of Scott Morrison, get in touch now ğŸ‘ğŸ½ğŸ’ªğŸ½ğŸ™ğŸ½
#auspol (part 3) https://t.co/n2HCqNEnEr",Fri Oct 08 07:47:08 +0000 2021
28,Julian Hill MP,RT @JacksonTaylorMP: Tragic to hear about the two police now hospitalised after getting covid from the recent disgusting scenes in the cityâ€¦,Thu Oct 07 11:45:01 +0000 2021
29,Julian Hill MP,"Ummm. Mr Morrison actually said this. Lecturing State Premiers.

If only heâ€™d taken his own advice last year, &amp; built quarantine &amp; ordered vaccines.

Scott Morrison is an incompetent hypocrite.
#auspol https://t.co/mp2TyYtzqL",Thu Oct 07 08:30:31 +0000 2021
30,Julian Hill MP,"Yep.  Australians were locked up, locked down &amp; locked out all year, because Scott Morrison failed to order enough vaccines.

Yet now heâ€™s pretending heâ€™s Australiaâ€™s COVID Messiah ğŸ¤¦ğŸ»â€â™‚ï¸

Heâ€™s still the guy who stuffed it all up.
#auspol https://t.co/Ct2UpMihm6",Thu Oct 07 04:45:12 +0000 2021
31,Julian Hill MP,"QUIZ: Who do you believe?

1. Gladys Berejiklian called Scott Morrison an â€œevil bullyâ€. 
OR
2. Scott called Gladys â€œa dear friendâ€.
ğŸ¤” 
https://t.co/FdF24b5mCW",Thu Oct 07 00:23:41 +0000 2021
32,Julian Hill MP,TikTok is where itâ€™s at! https://t.co/PyFvQhT3vS,Wed Oct 06 22:25:39 +0000 2021
33,Julian Hill MP,@bimmyjartel @PaulRob11880584 ğŸ‘‹ğŸ¼,Tue Oct 05 09:34:27 +0000 2021
34,Julian Hill MP,"Scott Morrison has abandoned &amp; ripped off Victoria.

He is the Prime Minister for NSW, not all Australians.
#auspol https://t.co/CPK9TVd24t",Tue Oct 05 08:05:01 +0000 2021
35,Julian Hill MP,"RT @ActionAid_aus: ğŸ“¢ Happening tonight ğŸ“¢ 

Join Yang Sophorn, Anne Bienias and Julian Hill MP as we agitate for the rights of women garmentâ€¦",Tue Oct 05 03:21:04 +0000 2021
36,Julian Hill MP,ğŸ¨ ğŸ¨ ğŸ¨,Sun Oct 03 22:49:59 +0000 2021
37,Julian Hill MP,"Cya later, bruz!
#nswpol",Sun Oct 03 22:42:25 +0000 2021
38,Julian Hill MP,"@JulianAndrew63 Tim has one significant advantage over most MPs - indeed most humans. Not of course any great intelligence, charm, insight or judgement.

No, itâ€™s that he has absolutely no shame whatsoever. None at all.

Consistency, truth, logic, norms or solidarity matter not to him. 
#auspol",Sun Oct 03 10:08:15 +0000 2021
39,Julian Hill MP,"What kind of bloke picks a sporting team based on focus groups?

As the PM says â€œLoyalty countsâ€, and Australians know a BS artist when they smell one. #auspol https://t.co/AfVScztCuF",Sat Oct 02 22:04:54 +0000 2021
40,Julian Hill MP,RT @MrKRudd: Seems Turnbull &amp; I have upset the protection racket again. Diddums. Murdochâ€™s definition of a good fmr PM is one who quietly yâ€¦,Sat Oct 02 08:13:09 +0000 2021
41,Julian Hill MP,@Glenngrumpy No! I couldnâ€™t stand my hair any more!,Sat Oct 02 08:05:18 +0000 2021
42,Julian Hill MP,"ğŸ’‡â€â™‚ï¸ I had to give up. A bowl may have been a better idea.

Hairdressers clearly need greater priority in the national plan.
#auspol #lockdownhair https://t.co/OWTwO5gTiT https://t.co/dZuR2xGNEX",Sat Oct 02 07:38:56 +0000 2021
43,Julian Hill MP,Squid Game ğŸ˜µâ€ğŸ’«ğŸ˜µâ€ğŸ’«ğŸ˜µâ€ğŸ’«,Fri Oct 01 10:34:08 +0000 2021
44,Julian Hill MP,RT @DawsonEJ: The PM just cited Tim Wilsonâ€™s success at the last election fighting the â€˜retiree taxâ€™ as a key reason for his promotion to tâ€¦,Fri Oct 01 09:43:54 +0000 2021
45,Julian Hill MP,@Sadpinko We havenâ€™t. Twitter just has character limits! Of course it has to be independent.,Fri Oct 01 06:33:37 +0000 2021
46,Julian Hill MP,"If Scott Morrison held himself to the same standards as Gladys Berejiklian accepted, heâ€™d have to sack himself over his illegal RoboDebt scam.

And would sack, not promote, Angus Taylor.

No wonder he hasnâ€™t introduced a National Anti-Corruption Commission. #auspol https://t.co/0Urj0bNIgu",Fri Oct 01 06:14:55 +0000 2021
47,Julian Hill MP,"Let's end Scott Morrisonâ€™s lockdowns together. 

Walk-in Moderna blitz this weekend in SE Melbourne. No appointment needed.
#auspol #Melbourne https://t.co/keye8nymwq",Fri Oct 01 05:38:30 +0000 2021
48,Julian Hill MP,"RT @alexanderjrich: NEVER FORGET WHAT THE LIBERALS DIDâ€¦

#NeverForget https://t.co/L5yJyesZKX",Thu Sep 30 20:45:02 +0000 2021
49,Julian Hill MP,Must listen to Malcolm ğŸ‘‡ğŸ¼ğŸ‘‡ğŸ¼ğŸ‘‡ğŸ¼ https://t.co/lw0yzmwpI8 https://t.co/PVMptr2RPr,Wed Sep 29 06:09:38 +0000 2021
50,Julian Hill MP,"BREAKING: A rare moment of Liberal honesty.
#auspol https://t.co/aTqJBdAXoH",Wed Sep 29 06:07:23 +0000 2021
51,Julian Hill MP,"These people are beyond pathetic.

8 wasted years in government, yet STILL no coherent climate or energy policy. Still just fighting each other.

â€˜Technology not taxesâ€™ is a meaningless 3 word slogan, not a policy.
#auspol #NetZeroBy2050 https://t.co/B3IQI26VoM",Tue Sep 28 11:10:52 +0000 2021
52,Julian Hill MP,@somewherein84 A lovely spring clean!,Tue Sep 28 03:37:22 +0000 2021
53,Julian Hill MP,"Until right now I had no idea there was a Liberal MP called Garth Hamilton.
#auspol https://t.co/n0L2p3c08e",Mon Sep 27 21:36:19 +0000 2021
54,Julian Hill MP,@hkerr32 ğŸ‘ğŸ½,Sun Sep 26 09:01:14 +0000 2021
55,Julian Hill MP,"Posted in 3 parts, or the full 6 minutes is here!

https://t.co/ZgrJGPW5ua",Sun Sep 26 08:58:45 +0000 2021
56,Julian Hill MP,"Iâ€™ll post this is 3 parts, or the full 6 minutes is here!

https://t.co/ZgrJGPW5ua",Sun Sep 26 08:57:44 +0000 2021
57,Julian Hill MP,"EXPOSED: Clive Palmerâ€™s giant scam!

â›”ï¸ A vote for Clive Palmer is a vote to get Morrison re-elected! â›”ï¸ 
(PART 3 of 3) #auspol https://t.co/8AD0VHqy04",Sun Sep 26 08:56:51 +0000 2021
58,Julian Hill MP,"ğŸ›‘ WHY? Ask yourself WHY, this billionaire Clive Palmer is spending millions? ğŸ¤” 
âš ï¸ Itâ€™s a giant SCAM to get Scott Morrison re-elected!
âš ï¸ A Vote for Clive Palmer is a Vote for Scott Morrison.
PART 2 of 3
#auspol https://t.co/Aadnpzxfze",Sun Sep 26 08:51:30 +0000 2021
59,Julian Hill MP,"Iâ€™ll post the other bits or the full 6 minutes is here!

https://t.co/ZgrJGPW5ua",Sun Sep 26 08:45:59 +0000 2021
60,Julian Hill MP,"âš ï¸ Clive Palmerâ€™s giant scam on Australians - with his idiot sidekick Craig Kelly ğŸ¤¦ğŸ»â€â™‚ï¸ âš ï¸ 
PART 1 of 3
#auspol #healthcare #UAP https://t.co/7jMnkz2oCm",Sun Sep 26 08:45:16 +0000 2021
61,Julian Hill MP,"ğŸ”¥ Morrison calling for â€œAustralians to have their lives back by Christmasâ€ is like the arsonist calling for the fires he lit to end.

Dangerous foolish PM caused these lockdowns, through his incompetence- he FAILED Australia  on vaccines &amp; quarantine ğŸ¤¦ğŸ»â€â™‚ï¸ğŸ¤¬
#auspol #MorrisonFail https://t.co/I4zPUufBCx",Sun Sep 26 07:07:40 +0000 2021
62,Julian Hill MP,"ğŸ”¥ Morrison calling for â€œAustralians to have their lives back by Christmasâ€ is like the arsonist calling for the fires he lit to end.

This Dangerous foolish PM caused these lockdowns, through his incompetence- he FAILED Australia  on vaccines &amp; quarantineğŸ¤¬
#auspol #MorrisonFail",Sun Sep 26 07:05:20 +0000 2021
63,Julian Hill MP,@jamesmassola @melbournefc https://t.co/dhh0KQZRe8,Sat Sep 25 10:50:58 +0000 2021
64,Julian Hill MP,@KShanners @acmejc Blue Steel Burmese actually. (#Zoolander),Sat Sep 25 06:00:25 +0000 2021
65,Julian Hill MP,@AndrewWear Itâ€™s a terrific book! ğŸ‘ğŸ¾,Sat Sep 25 05:59:29 +0000 2021
66,Julian Hill MP,@clever_boi Not yet ğŸ˜Ÿ ğŸ˜³,Sat Sep 25 05:59:01 +0000 2021
67,Julian Hill MP,@szuszisue Itâ€™s a terrific book actually. HR would DIE though. Andrew argues for sectors and Govt picking winners ğŸ˜®,Sat Sep 25 05:57:53 +0000 2021
68,Julian Hill MP,RT @robynbryant33: Morrison on the telly this morning talking about how hard it is to distribute vaccines and get them in arms. Hereâ€™s a suâ€¦,Sat Sep 25 03:25:01 +0000 2021
69,Julian Hill MP,"Remaining calm ğŸ¶ Great book by my friend Andrew Wear, â€˜Recoveryâ€™.

How we can build a stronger &amp; more sustainable economy after the pandemic.
#auspol #economy #CatsOfTwitter #MightyWest https://t.co/ecRTdqVWfp",Sat Sep 25 03:12:28 +0000 2021
70,Julian Hill MP,RT @pruecar: Whatâ€™s the excuse for this? https://t.co/Ish21ry06v,Sat Sep 25 00:20:56 +0000 2021
71,Julian Hill MP,@HaydenJOConnor @belyndar Paul Murray called me an idiot once on TV. I only knew as I got a bunch of emails saying â€œPaul Murray called you an idiot you loserâ€. I replied â€œummm whoâ€™s Paul Murray?â€ as I genuinely had no idea. I think their heads explodedğŸ¤¯. The End.,Fri Sep 24 23:38:31 +0000 2021
72,Julian Hill MP,"Geez. Anyone would think there a teeny bit of anti-Labor bias going on? ğŸ¤” 

Still waiting for the front pages condemning Scott Morrisonâ€™s lockdowns, failure to order enough vaccines, or failure to build safe national quarantine â€¦ ğŸ¤” ğŸ¤·â€â™‚ï¸ 
#auspol #springst https://t.co/UGonnepPUz",Fri Sep 24 21:42:37 +0000 2021
73,Julian Hill MP,@matthewjjburke Yes! Or the whole thing is on my YouTube or FB ğŸ‘ğŸ½,Fri Sep 24 08:50:52 +0000 2021
74,Julian Hill MP,"RT @Bowenchris: Two senior ministers.

One question. 

Two different answers. 

One weak and pathetic the other totally  incomprehensible.â€¦",Fri Sep 24 07:07:59 +0000 2021
75,Julian Hill MP,RT @TimWattsMP: Tragic that Parliament isnâ€™t sitting right now so that we canâ€™t recreate this iconic moment from 2016 for this yearâ€™s Grandâ€¦,Fri Sep 24 06:42:42 +0000 2021
76,Julian Hill MP,"Scott Morrison is a total fake. He even lies about what sporting teams he supports &amp; sport he likes.

Loyalty counts. Donâ€™t change teams. GO DOGGIES!
#auspol #YieldToNone #mightywest  #AFL PART 3: https://t.co/I8EomIVi2u",Fri Sep 24 06:31:31 +0000 2021
77,Julian Hill MP,"Scott Morrison, a bloke who changes sporting teams and sports for political advantage. Then lies about it.
#auspol #YieldToNone #mightywest  #AFL PART 2: https://t.co/GRZOs30WYP",Fri Sep 24 05:49:36 +0000 2021
78,Julian Hill MP,"Western Bulldogs is a family religion for me. Excited for the #GrandFinal !

Unlike Scott Morrison who flip-flops &amp; lies about who he supports, I donâ€™t change teams. Loyalty counts.
#auspol #YieldToNone #mightywest  #AFL PART 1: https://t.co/oeRBwoXSOa",Fri Sep 24 05:47:19 +0000 2021
79,Julian Hill MP,"PREDICTION: Barnaby will be bought off with ğŸ’° &amp; Morrison will back Net Zero by 2050 before Glasgow.

And it will all be a load of BS marketing spin, as there wonâ€™t be real targets, trajectories or policies to get there.

#auspol #NetZeroBy2050 #NetZero #climatechange https://t.co/GH5mlzUZ27",Fri Sep 24 01:38:19 +0000 2021
80,Julian Hill MP,"RT @SteveFitSmart: @JulianHillMP And
Past 3 days 
NSW with 32% population have fed govt supplied vax. 39.8%, 46%, 47.1% of total Vax adminiâ€¦",Thu Sep 23 23:43:25 +0000 2021
81,Julian Hill MP,"Morrison, Prime Minister for NSW, totally screwed the rest of Australia on Pfizer. #auspol #vaccinerorts https://t.co/iRPYYe51b8 https://t.co/rGcI5EqZHC",Thu Sep 23 22:24:35 +0000 2021
82,Julian Hill MP,"RT @Paul_Karp: EXCLUSIVE: Leaked figures confirm fears of a drop in Australiaâ€™s supply of Pfizer vaccine in October.

Hunt claims to have fâ€¦",Thu Sep 23 21:07:07 +0000 2021
83,Julian Hill MP,"The very idea of France joining AUKUS would require some serious reflection on the acronym. Where on earth would one place the F?
#auspol #AUKUS https://t.co/CScH9y1qcG",Thu Sep 23 20:47:43 +0000 2021
84,Julian Hill MP,"RT @ScottyFromMktg: Managed to get through dinner with Rupert last night, performance reviews are always a bit daunting",Thu Sep 23 11:16:33 +0000 2021
85,Julian Hill MP,"ğŸ¥° I love Teddy even more because he doesn't like politics.

He actually fell fast asleep as Kevin Rudd started talking! ğŸ˜² ğŸ•
#DogsInPoliticsDay #KeepAusPetFriendly #dogs #auspol https://t.co/pOJTERnp86",Thu Sep 23 10:25:17 +0000 2021
86,Julian Hill MP,RT @MikeCarlton01: I've yet to see any Federal LNP politician genuinely and forthrightly condemn these right-wing thugs in Melbourne. Someâ€¦,Thu Sep 23 03:21:17 +0000 2021
87,Julian Hill MP,RT @suzandelibasic: BREAKING: Shrine of Remembrance chief executive Dean Lee tells me he is â€œspeechlessâ€ and â€œappalledâ€ by the scenes at thâ€¦,Thu Sep 23 02:51:33 +0000 2021
88,Julian Hill MP,"Free Speech 'Warrior', Liberal MP Alan Tudge doesn't like debate.

When called out, he censors his own Facebook page! Touchy Alan even shut down &amp; deleted community comments.
#auspol #FreeSpeech https://t.co/04ACDyBmgv",Thu Sep 23 02:27:34 +0000 2021
89,Julian Hill MP,"Whatâ€™s really going on with the race to end Scott Morrisonâ€™s lockdowns?
#auspol #melbourne #victoria #MorrisonFailure #vaccinerorts https://t.co/W9057dylo5",Wed Sep 22 10:51:44 +0000 2021
90,Julian Hill MP,"True. I did say that in response to Alan Tudgeâ€™s pathetic, divisive postğŸ‘‡ğŸ¼ğŸ‘‡ğŸ¼ğŸ‘‡ğŸ¼ https://t.co/6eUGLZ6EsH",Wed Sep 22 09:35:00 +0000 2021
91,Julian Hill MP,RT @darren_levin: Dan Andreas Fault.,Wed Sep 22 01:51:03 +0000 2021
92,Julian Hill MP,"Ummm, itâ€™s Wednesday.
#earthquake https://t.co/jCKZdwYJVS",Tue Sep 21 23:33:12 +0000 2021
93,Julian Hill MP,"RT @JEChalmers: Back in Townsville, NQ - announcing John Ring as @AustralianLabor candidate for Herbert. Born and bred here, father of threâ€¦",Mon Sep 20 22:44:31 +0000 2021
94,Julian Hill MP,"Scott Morrison is gutless. He didnâ€™t sack Christian Porter, he dithered until Porter quit.
But Porterâ€™s still a Liberal MP!

Last term, Morrison used his Captainâ€™s Pick to save his idiot mate Craig Kelly

Now, Morrison should intervene to stop Porter running as a Liberal #auspol https://t.co/jjwzTZP4p0",Mon Sep 20 06:42:15 +0000 2021
95,Julian Hill MP,"Acting Prime Minister, Barnaby Joyce.

Let that sink in.
#Auspol",Mon Sep 20 03:10:04 +0000 2021
96,Julian Hill MP,"Don't delay, go today. Protect yourself, your family &amp; our community.

Fantastic community response to the pop-up clinic at Hallam Mosque.

People are sick of Scott Morrisonâ€™s lockdowns.
#auspol #vaccinated https://t.co/FYJj4yxHy3",Mon Sep 20 02:30:07 +0000 2021
97,Julian Hill MP,"The only thing worse than Christian Porter being the Industry Minister is â€¦.. 
ğŸ¥ ğŸ¥ ğŸ¥ 
â€˜Well doneâ€™ Angus Taylor stuffing up that job too ğŸ¤¦ğŸ»â€â™‚ï¸ 
#auspol #welldoneangus",Sun Sep 19 09:29:54 +0000 2021
98,Julian Hill MP,"Ummmm, so if Christian Porter doesnâ€™t know who made secret donations to him, how does he actually know there are â€œthousandsâ€ of people and not a few rich folk? ğŸ¤”

Can anyone really believe this is OK?
#auspol",Sun Sep 19 08:37:11 +0000 2021
99,Julian Hill MP,Iâ€™ve snapped. I just googled â€œHow to cut hair at homeâ€. âœ‚ï¸ ğŸ’‡â€â™‚ï¸,Sun Sep 19 07:52:53 +0000 2021
100,Julian Hill MP,"Foreign Minister Marise Payne is so hopeless &amp; invisible she wasnâ€™t even sent to answer questions on Insiders today.

The same week the French withdrew their Ambassador.

This really is an awful government.
#auspol #insiders",Sat Sep 18 23:43:46 +0000 2021
101,Julian Hill MP,RT @caitylatter: iâ€™ve spent the past week in full ppe caring for covid patients and exposing myself +/- my family to this virus while peoplâ€¦,Sat Sep 18 21:13:41 +0000 2021
102,Julian Hill MP,"RT @Lisa_Wilkinson: Compare the pair...

CHRIS Holgate rewards 4 execs with watches after pumping $millions into @auspost

@ScottMorrisonMPâ€¦",Sat Sep 18 20:27:33 +0000 2021
103,Julian Hill MP,RT @markdreyfusQCMP: Every day that Christian Porter remains a Minister is another day that Mr Morrison shows that he is a Prime Minister wâ€¦,Sat Sep 18 10:24:45 +0000 2021
104,Julian Hill MP,@PhilCoronet Right wing extremism is a major security threat now in Australia. This sort of garbage enabled and egged on by Morrisonâ€™s own MPs exacerbates the risks.,Sat Sep 18 09:39:08 +0000 2021
105,Julian Hill MP,"Scott Morrison bears some responsibility for this madness. 

At every turn heâ€™s failed to call out the right wing nut jobs in his Party whoâ€™ve spread misinformation about COVID &amp; vaccines.

Morrison failed to lead &amp; now the police are assaulted.
#auspol https://t.co/Y5e7KeYiQA",Sat Sep 18 09:30:17 +0000 2021
106,Julian Hill MP,"RT @kylielclark: @JulianHillMP Also, who hires $1M in legal representation, without knowing how they're going to pay for it?",Sat Sep 18 07:52:05 +0000 2021
107,Julian Hill MP,"ğŸ’°So, if someone gives you an anonymous $1 million gift, &amp; you have to repay it just to save your Ministerial job, how do you give it back?

Who do you repay, if you really donâ€™t know where it came from?

Just leave it on your porch?ğŸ¤”ğŸ¤·â€â™‚ï¸ 
#AskingForAFriend #auspol #mysteries",Sat Sep 18 04:28:14 +0000 2021
108,Julian Hill MP,"Pathological liar anyone??

How can you trust a man who keeps changing his footy team, yet pretends he doesnâ€™t?
#auspol #ScottyFomMarketing 
https://t.co/OZTNXGbwx7",Sat Sep 18 03:13:59 +0000 2021
109,Julian Hill MP,"RT @MrKRudd: Morrison totally out of his depths on subs, national security and foreign policy. One botch up after another. Almost as bad asâ€¦",Fri Sep 17 22:51:46 +0000 2021
110,Julian Hill MP,RT @TurnbullMalcolm: Why isnâ€™t it blindingly obvious that it is unacceptable for a cabinet minister to accept anonymous donations?  https:/â€¦,Fri Sep 17 07:18:53 +0000 2021
111,Julian Hill MP,"RT @SenatorWong: Mr Morrison should have fired Christian Porter.

Instead, once again he outsourced responsibility to an inquiry.

He neverâ€¦",Fri Sep 17 03:19:35 +0000 2021
112,Julian Hill MP,"RT @SandroDemaio: HOLY MOLY! An impressive 101,575 Victorians rolled up their sleeves and got vaccinated yesterday! Thatâ€™s an incredible fiâ€¦",Thu Sep 16 21:11:37 +0000 2021
113,Julian Hill MP,"ğŸ’° So, if youâ€™re a senior MP, and some anonymous guy in a balaclava gives you like $1 million cash, is it OK to take it? ğŸ¤” ğŸ¤” ğŸ¤” 
#auspol https://t.co/EpNcpn3ndx",Thu Sep 16 21:11:10 +0000 2021
114,Julian Hill MP,"Scott Morrison leads the most corrupt government in Australian history.

And thereâ€™s no excuse to not have an independent investigation into allegations against Christian Porter. #christianporter 
#auspol #BlindTrust https://t.co/s9dzxGk5O8",Thu Sep 16 07:02:29 +0000 2021
115,Julian Hill MP,"Scott Morrisonâ€™s blind trust of Christian Porter must end.

Sack him NOW. Come clean. Or make him repay the money.
#auspol #corruption #christianporter #BlindTrust https://t.co/zew7GZAfMw",Thu Sep 16 07:00:53 +0000 2021
116,Julian Hill MP,"Scott Morrison, Prime Minister for NSW, stole 340,000 doses of Pfizer from Victoria.

So now we must urgently catchup to end Morrisonâ€™s damaging lockdowns. 

Great to see Dandenongâ€™s new pop-up vaccination clinic. Protect yourself, your family &amp; the community.
#auspol #dandenong https://t.co/lI2bcfRpBj",Thu Sep 16 00:22:30 +0000 2021
117,Julian Hill MP,"ğŸ¤” ğŸ¤” ğŸ¤” 
Did the money come from criminals?
A foreign power?
Lobbyists?
Apparently Mr Porter doesnâ€™t care ğŸ¤·â€â™‚ï¸
#auspol https://t.co/YquAyl1Awg",Wed Sep 15 09:47:34 +0000 2021
118,Julian Hill MP,Spot on Rose Jackson ğŸ‘ğŸ¾ https://t.co/V8rRo76USA,Wed Sep 15 04:12:45 +0000 2021
119,Julian Hill MP,"RT @samanthamaiden: Labor comes out swinging over secret trust paying Porterâ€™s legal fees 

â€œIf Mr Porter genuinely doesnâ€™t know who his doâ€¦",Tue Sep 14 19:57:14 +0000 2021
120,Julian Hill MP,RT @stephendziedzic: Labor MP @JulianHillMP asks for the Foreign Minister's statement on Cambodia's move to charge former Victorian MP Hongâ€¦,Mon Sep 13 04:49:08 +0000 2021
121,Julian Hill MP,RT @MinnsChris: I held a press conference today at 11am. You can watch this on YouTube here https://t.co/9lbIqGzksj #nswpol #auspol @7NewsSâ€¦,Mon Sep 13 04:10:41 +0000 2021
122,Julian Hill MP,RT @MinnsChris: Iâ€™ll be holding a press conference tomorrow at 11am. #nswpol #auspol https://t.co/TvH73dBerX,Sun Sep 12 11:49:41 +0000 2021
123,Julian Hill MP,"â€œIn NSW, doctors &amp; nurses have been told by hospital managers that life-saving support may not be provided, or potentially even be withdrawn, for those with a median age of 72 during the â€œoverwhelmingâ€ phase of the Delta outbreak â€“ forecast for late Oct &amp; early Nov.â€ #auspol",Sat Sep 11 21:39:49 +0000 2021
124,Julian Hill MP,@brumbygirl06 Iâ€™m so excited. My mum grew up in Footscray. She saw them win their first flag in 1954 with her Dad a life member. She died before the 2nd but my brother and I watched the game in 2016. He died in 2019. I hope to break the family curse &amp; be the 1st to see them win twice!,Sat Sep 11 11:20:17 +0000 2021
125,Julian Hill MP,@TimWattsMP Itâ€™s so exciting!,Sat Sep 11 11:15:17 +0000 2021
126,Julian Hill MP,GO DOGGIES!!!,Sat Sep 11 11:12:50 +0000 2021
127,Julian Hill MP,"Letâ€™s just cut to the chase in 30 seconds.
#auspol #scottymustgo https://t.co/bkW8GJ7XoF",Sat Sep 11 10:34:15 +0000 2021
128,Julian Hill MP,"ğŸ…Gold Medal for rorting goes to ğŸ¥â€¦ Scott Morrison!

Now heâ€™s even found a way to rort Australiaâ€™s vaccine program.

Secretly stealing from Victoria, Queensland &amp; other States, shovelling to his home State NSW, to cover up his failures.
#auspol #vaccinerort https://t.co/rZ2IlV8DLH",Fri Sep 10 07:46:00 +0000 2021
129,Julian Hill MP,RT @northway_debbie: @davidbewart https://t.co/BzEHewsrxj,Thu Sep 09 08:58:14 +0000 2021
130,Julian Hill MP,"RT @SenatorWong: Other countries jumped at the opportunity to meet with Pfizer, but the Morrison-Joyce Government responded in their usualâ€¦",Thu Sep 09 08:56:46 +0000 2021
131,Julian Hill MP,"RT @Mark_Butler_MP: While Governments around the world were tearing a hamstring securing deals with Pfizer - Scott Morrison was too little,â€¦",Thu Sep 09 03:05:30 +0000 2021
132,Julian Hill MP,"Lest we forget this extra special Katie Allen moment.

As @James_Jeffrey said, some jokes really do get better with age.
#auspol #alaspoorYorick https://t.co/iFvoFY25a7",Wed Sep 08 23:32:54 +0000 2021
133,Julian Hill MP,Amazing photos. ğŸ™‡â€â™€ï¸ ğŸ’ªğŸ½ https://t.co/TqJINz5kvi,Wed Sep 08 21:37:44 +0000 2021
134,Julian Hill MP,"Not 1 constituent has contacted me about the cricket match. But thousands are desperately worried about Morrisonâ€™s family visa delays

Sure, there are serious questions about how the global sporting cty should deal with the Taliban

But visas should be the priority for the Govt https://t.co/46SDiiZi4L",Wed Sep 08 20:03:33 +0000 2021
135,Julian Hill MP,"PFIZER IN JUNE 2020: â€œHey Australia, we can get you MILLIONS of COVID vaccines by December 2020â€

GREG HUNT: ...
#auspol #vaccinefail https://t.co/B3Gs4TbwC6",Wed Sep 08 11:00:26 +0000 2021
136,Julian Hill MP,RT @JEChalmers: Weâ€™re all paying the price for Scott Morrisonâ€™s mistakes #auspol https://t.co/mmeqymAsJB,Wed Sep 08 10:04:49 +0000 2021
137,Julian Hill MP,"You donâ€™t have to be a vaccine expert to know why Australia is in a messâ€¦
#auspol https://t.co/oeQQw3Awwq",Wed Sep 08 02:37:15 +0000 2021
138,Julian Hill MP,RT @abc730: Chief political correspondent @latingle discusses the reactions to the revelation that New South Wales had received a greater sâ€¦,Tue Sep 07 21:24:55 +0000 2021
139,Julian Hill MP,RT @nitagreenqld: Scott Morrison spent last week blaming states like QLD and even threatened that Sydneysiders could fly to Canada before Câ€¦,Tue Sep 07 08:16:59 +0000 2021
140,Julian Hill MP,"Mr Morrisonâ€™s fake Fatherâ€™s Day pic was actually from a remembrance event, for 4 deceased children

Heâ€™s now turned this photo into a tribute to him as a father figure

Poor judgement is an understatement. Thereâ€™s something seriously wrong with this bloke &amp; his character.
#auspol https://t.co/yIzPWvtsdG",Tue Sep 07 08:16:29 +0000 2021
141,Julian Hill MP,"It is a race. Yet Scott Morrison helped Premier Berejiklian to sprint, while other States &amp; Territories have to do an egg-and-spoon race.
Â 
Itâ€™s not fair. Victorians have done the most to fight COVID. They deserve their fair share of vaccines.
Â #auspol #Springst https://t.co/je7bOEIWLx",Tue Sep 07 02:21:20 +0000 2021
142,Julian Hill MP,@anncasatnq I posted about this on my Facebook this morning. Itâ€™s outrageous that Victoria is not getting its fair share of vaccine.,Tue Sep 07 01:56:39 +0000 2021
143,Julian Hill MP,"8 years today since this awful Federal Liberal Government was elected.
#auspol #ScottyTheBlameShifter #scottymustgo https://t.co/1Jkrp6zsib",Tue Sep 07 00:07:01 +0000 2021
144,Julian Hill MP,"Surprise surprise! The Prime Minister for NSW strikes again.

Bloody infuriating. Victoria deserves one fair share to get out of Scott Morrisonâ€™s lockdowns.
#auspol #Victoria #melbournelockdown #springst https://t.co/OnWH9vocE7",Mon Sep 06 23:55:38 +0000 2021
145,Julian Hill MP,"Every Australian could have seen their Dad on Fatherâ€™s Day if Scott Morrison had ordered enough vaccines. We wouldnâ€™t be suffering through Morrisonâ€™s lockdowns.
#auspol https://t.co/kFytuBR956",Mon Sep 06 23:15:41 +0000 2021
146,Julian Hill MP,"RT @ALeighMP: Karen Andrews says that the firms that got JobKeeper despite rising revenue should ""do some soul-searching"". 

That'd be goodâ€¦",Mon Sep 06 20:49:41 +0000 2021
147,Julian Hill MP,@murzo_4 @Kat_Mc_Art @skye_aster @ALeighMP @MSMWatchdog2013 @60Mins Yes. Her (if she is even a person not a bot) Twitter feed is just boring anti-Labor trolling.,Mon Sep 06 11:40:51 +0000 2021
148,Julian Hill MP,RT @ALeighMP: It says everything about the Morrison Govt that they just appointed as Human Rights Commissioner a person who has campaignedâ€¦,Mon Sep 06 09:29:18 +0000 2021
149,Julian Hill MP,RT @LDTFerguson: There is increasing speculation that Labor will get behind Tim Smithâ€™s bid for Victorian Liberal leadership,Mon Sep 06 04:50:01 +0000 2021
150,Julian Hill MP,"RT @helendalton22: The sums up NSW politics.

Our Deputy Premier denigrates Aboriginal funeral mourners whilst taking legal action againstâ€¦",Mon Sep 06 04:46:38 +0000 2021
151,Julian Hill MP,RT @xenophondavis: This is becoming utterly bizarre. Police indicate in a parliamentary hearing they are STILL investigating Jordan Shanks.â€¦,Mon Sep 06 04:45:24 +0000 2021
152,Julian Hill MP,RT @AnikaWells: Last week the PM failed to pass 49 of 55 recommendations of Respect@Work through federal parliament. Today his keynote openâ€¦,Mon Sep 06 03:54:26 +0000 2021
153,Julian Hill MP,"ğŸ¿ ğŸ‘€
Vic Libs poised to Dump whatâ€™s-his-name.

Forâ€¦ğŸ¥
Lobster-with-the-Mobster Guy! Who lost 11 seats last time &amp; should have had a Royal Commission into his time as Planning Minister.

What a talented bunch ğŸ¤¦ğŸ»â€â™‚ï¸ 
#springst #libspill",Mon Sep 06 02:50:35 +0000 2021
154,Julian Hill MP,"I now feel nostalgic for those times Scott Morrison disappeared for long times.

May they come again.
#auspol https://t.co/lO7xPvbQEi",Sun Sep 05 10:54:18 +0000 2021
155,Julian Hill MP,RT @AustralianLabor: We're all paying the price for Morrison's mistakes. #auspol https://t.co/NwbQ6igKby,Sat Sep 04 20:11:57 +0000 2021
156,Julian Hill MP,"RT @MikeCarlton01: These two pinguid fuckwits, Palmer and Kelly, continue to shovel out shit. https://t.co/KibCBq0qYi",Sat Sep 04 10:15:13 +0000 2021
157,Julian Hill MP,@BiancaMinnie4 I almost walked into a plant tbh but just avoided it.,Sat Sep 04 09:58:11 +0000 2021
158,Julian Hill MP,"Last day in Canberra after 5 weeks of Parliament.

Itâ€™s SO frustrating watching those clowns in the Government, as millions of Australians are suffering.
#auspol https://t.co/biClQJkQrD",Sat Sep 04 06:34:39 +0000 2021
159,Julian Hill MP,"Tweeted the start and the end.
The full speech is here.
Their stories deserve to be heard.
#Afghanistan 

https://t.co/jpn7g8xuuy",Sat Sep 04 04:45:10 +0000 2021
160,Julian Hill MP,"Tweeted the start and the end.
The full speech is here.
Their stories deserve to be heard.
#Afghanistan 

https://t.co/jpn7g8xuuy",Sat Sep 04 04:44:56 +0000 2021
161,Julian Hill MP,"These last two really got me.

Voices of Afghan-Australians.
PART 2
#auspol #Afghanisthan #AfghanistanCrisis #AfghanAustralians https://t.co/Setd137gMu",Sat Sep 04 04:39:36 +0000 2021
162,Julian Hill MP,"Managed not to cry. Really tough speech to give.

Voices of Afghan-Australians.
PART 1
#auspol #Afghanisthan #AfghanistanCrisis #AfghanAustralians https://t.co/cp8bb4KgxL",Sat Sep 04 04:39:00 +0000 2021
163,Julian Hill MP,"BREAKING: (translation of The Australianâ€™s predictable sucking up to Morrison):
â€œAustralia would already have opened up if PM had not been a total f%^*up &amp; ordered enough vaccines last year.â€
#auspol #spin https://t.co/j7qmqzc242",Fri Sep 03 08:49:05 +0000 2021
164,Julian Hill MP,RT @sspencer_63: How did we go from â€œfront of the queueâ€ to hunting round bargain bins for nearly out of date Pfizer?,Fri Sep 03 04:51:43 +0000 2021
165,Julian Hill MP,"Biggest rip-off of taxpayers in Australian history.

$13 Billion JobKeeper sprayed to big businesses to increase their revenue.
#auspol #GiantATM #TruckloadsofCash #waste #corruption #integrity https://t.co/4t3UzTDmzd",Fri Sep 03 04:19:45 +0000 2021
166,Julian Hill MP,"Begging &amp; borrowing from friends canâ€™t cover up Morrisonâ€™s vaccine failure. Still near LAST in the developed world.

Imagine is heâ€™d ordered enough last yearâ€¦

We wouldnâ€™t be in this disaster, suffering these lockdowns.
#auspol #vaccinefail #ScottyFromDamageControl https://t.co/my03McRM3T",Fri Sep 03 02:14:51 +0000 2021
167,Julian Hill MP,"Had a bit to say 

https://t.co/WytsQXm424",Thu Sep 02 23:12:01 +0000 2021
168,Julian Hill MP,"Any else noticed how Morrison attacks QLD &amp; WA Premiers for not wanting to let COVID into their communities before people are vaccinated.

Yet he praises SA &amp; TAS Premiers who are doing exactly the same? ğŸ¤” 

Hypocritical double standard much
#auspol #ScottyTheBully",Thu Sep 02 22:07:13 +0000 2021
169,Julian Hill MP,"A really important and powerful speech by a very decent person and Liberal MP.

Definitely worth listening to. https://t.co/ThxZxewYlb",Thu Sep 02 22:03:30 +0000 2021
170,Julian Hill MP,RT @BurnetInstitute: Vic community efforts in lockdown 6 prevented around 6000 cases @BurnetInstitute modelling shows. @VictorianCHO said:â€¦,Thu Sep 02 20:29:44 +0000 2021
171,Julian Hill MP,How I wish our PM could say this to Australiansâ€¦. #auspol https://t.co/gtFUEXRxoT,Thu Sep 02 20:03:58 +0000 2021
172,Julian Hill MP,"This tweet was a shorter fun extract.
The full speech is here!
https://t.co/sEC4P8YFQ2 https://t.co/Sv9bNHkFgt",Thu Sep 02 08:42:42 +0000 2021
173,Julian Hill MP,"This tweet was a shorter fun extract.
The full speech is here!
https://t.co/sEC4P8YFQ2",Thu Sep 02 08:42:03 +0000 2021
174,Julian Hill MP,"â€œMorrisonâ€™s like the arsonist who started a bushfire, then rocking up asking to be thanked if he tries to put it out.â€

â€œMove over Freedom Boy, hereâ€™s Freedom Daddy.â€
#ScottyTheGaslighter #auspol #MorrisonLockdowns https://t.co/NDNhNjy3r5",Thu Sep 02 05:55:17 +0000 2021
175,Julian Hill MP,"RT @drlizzieskinner: I will never ever forget, as long as I live, that @GladysB and @ScottMorrisonMP forced Australia to #LiveWithCOVID agaâ€¦",Wed Sep 01 08:41:21 +0000 2021
176,Julian Hill MP,"Here's what I think of you!
Early Childhood Educators Day ğŸ˜Š

Thank you for all that you do. ğŸ™ ğŸ™‡â€â™‚ï¸
#auspol #EarlyChildhoodEducatorsDay #NOTchildcare https://t.co/lfpf5jqZv4",Wed Sep 01 07:46:14 +0000 2021
177,Julian Hill MP,RT @BradSabbath: @JulianHillMP Can't wait for the Announcement for 100 Pfizer doses from Turkmenistan https://t.co/3CRIg13jKw,Wed Sep 01 02:40:21 +0000 2021
178,Julian Hill MP,"ğŸ”¥ğŸ”¥ Australians are SICK of Scott Morrisonâ€™s lockdowns. They want them to END.

So exactly WHEN will the Prime Minister get to 80% vaccines? ğŸ”¥ğŸ”¥
#auspol #vaccine #VaccinePassports https://t.co/eXWi9gMxHx",Wed Sep 01 01:30:10 +0000 2021
179,Julian Hill MP,"@ColinKi02276809 @mel_giancarlo @DianaG64735764 It is much, much more than a cunning stunt.",Tue Aug 31 10:23:20 +0000 2021
180,Julian Hill MP,"@mel_giancarlo But Mel, did you know that the reason Australians are locked down, locked up and locked out is because Scott Morrison FAILED at his 2 jobs. He failed to build safe national quarantine, and order enough vaccines.",Tue Aug 31 10:21:33 +0000 2021
181,Julian Hill MP,"RT @Rashidajourno: ""It is the most traumatic two weeks of the five years I've been in parliament,"" Labor MP Julian Hill says his office hasâ€¦",Tue Aug 31 10:03:57 +0000 2021
182,Julian Hill MP,"RT @SBSNews: The man tasked with coordinating the nation's humanitarian intake - of 3,000 Afghans fleeing the Taliban - has described theirâ€¦",Tue Aug 31 10:03:45 +0000 2021
183,Julian Hill MP,"Itâ€™s very generous of Singapore to lend ğŸ‡¦ğŸ‡º 500,000 Pfizer doses, as they are already 80%+ vaccinated.

But Morrison wouldnâ€™t have to beg our friends for help if heâ€™d done his job &amp; ordered enough vaccines last year.
#auspol #vaccine #VaccineFailure #ScottyDoesNothing",Tue Aug 31 06:42:37 +0000 2021
184,Julian Hill MP,"Thereâ€™s a well known Danish fable, â€˜the Emperor has no clothesâ€™.

Well here in Australia we have a similar taleâ€¦

The Prime Minister who doesnâ€™t hold a hose!
#auspol #ScottyDoesNothing https://t.co/xOQoELY34B",Tue Aug 31 05:31:19 +0000 2021
185,Julian Hill MP,RT @srpeatling: Missed from @ellinghausen yesterday. https://t.co/2oXUIGnAzU,Tue Aug 31 05:30:34 +0000 2021
186,Julian Hill MP,"QT: Gold Medal for Gaslighting!

Morrison &amp; his mob rant about â€œfreedomâ€ and â€œending the lockdownsâ€ without even blushing.

They want Australians to forget theyâ€™re only locked down because Morrison failed on vaccines &amp; quarantine.

#auspol #qt #ScottyTheGaslighter",Tue Aug 31 05:15:21 +0000 2021
187,Julian Hill MP,"Listening to Govt in QT â€¦ telling us vaccine hesitancy is an issue.

YA RECKON?? ğŸ¤¦ğŸ»â€â™‚ï¸ 

So why not call out &amp; kick out Government MPs spreading misinformation?

George Christensen. Gerard Rennick. Matt Canavan.

&amp; Craig Kelly &amp; Clive Palmer on who Morrison relies
#auspol #qt",Tue Aug 31 04:48:47 +0000 2021
188,Julian Hill MP,"Well, I think I made my point â€¦

Why wonâ€™t Scotty call his right wing populist nutter MPs into line? ğŸ¤” 
#auspol #lockdown #LNPnutters #ScottyFromGaslighting https://t.co/ZUgmnHSaTa",Mon Aug 30 08:10:01 +0000 2021
189,Julian Hill MP,"RT @SParnis: The irony of a premier whose words are of admiration for her state's frontline healthcareworkers, but whose actions have doneâ€¦",Mon Aug 30 01:40:59 +0000 2021
190,Julian Hill MP,"Scott Morrison attacked Universities &amp; International Education.

So thousands of Australian jobs have been lost &amp; research budgets slashed.

Australian &amp; international students deserve much better.
#auspol #education #university #internationaleducation https://t.co/L6Qyd1G5Kw",Sun Aug 29 23:54:40 +0000 2021
191,Julian Hill MP,"RT @billbowtell: Who would have thought that economic growth might not be as good under lockdowns caused by ""living with COVID""? Where woulâ€¦",Sun Aug 29 07:10:13 +0000 2021
192,Julian Hill MP,@ToneSaysGoLeft But the comments on her tweet are pure gold,Sat Aug 28 11:06:16 +0000 2021
193,Julian Hill MP,@MrDenmore @ByClare @dailytelegraph ğŸ˜‚ âœ…,Sat Aug 28 11:04:49 +0000 2021
194,Julian Hill MP,@kimbaheartsyou @ByClare @dailytelegraph Amazing ğŸ¤©,Sat Aug 28 11:03:08 +0000 2021
195,Julian Hill MP,"Seriously? Who made you write this drivel.

Morrison a hero of Afghanistan? ğŸ¤® 

Too little, too late. For interpreters, &amp; thousands of Afghan-Australians who Morrison will never be able to look in the eye.

Get some facts Clare.
https://t.co/yvRsMmCmHJ

#auspol https://t.co/FodsffcGTZ",Sat Aug 28 10:58:32 +0000 2021
196,Julian Hill MP,"@ByClare @dailytelegraph Seriously? Who made you write this drivel.

Morrison a hero of Afghanistan? ğŸ¤® 

Too little, too late. For interpreters, &amp; thousands of Afghan-Australians who Morrison will never be able to look in the eye.

Get some facts Clare.
https://t.co/x3pH221N5u

#auspol",Sat Aug 28 10:55:12 +0000 2021
197,Julian Hill MP,"RT @MikeCarlton01: So good, worth retweeting. https://t.co/X1zJv6a5Ml",Sat Aug 28 10:13:38 +0000 2021
198,Julian Hill MP,"â›”ï¸âš ï¸ â€œThe premiers have had enough of Scott Morrison.â€

Even NSW Liberal Gladys described him as an â€œevilâ€ â€œbullyâ€. âš ï¸ â›”ï¸ https://t.co/FyP5n58cSX",Sat Aug 28 04:47:15 +0000 2021
199,Scott Morrison,We are thinking of you here in Australia on this terrible day for you all.,Fri Oct 15 22:25:05 +0000 2021
200,Scott Morrison,"Shocked &amp; terribly saddened by the awful loss of Sir David Amess, stabbed &amp; killed in the UK while doing his job, serving his local community as an MP. Our deepest sympathies &amp; condolences to @BorisJohnson, all his colleagues in the UK Parliament &amp; Sir Davidâ€™s family &amp; friends.",Fri Oct 15 22:25:05 +0000 2021
201,Scott Morrison,"Warm congrats Japanese PM Kishida. Great to chat about our Special Strategic Partnership and efforts for a secure, prosperous Indo-Pacific. We'll strengthen defence, security &amp; economic ties, incl on secure supply chains, clean energy &amp; working with partners such as in the Quad.",Tue Oct 05 05:11:00 +0000 2021
202,Scott Morrison,Australia and India are great friends. Our Comprehensive Strategic Partnership continues to go from strength to strength. Our new Low Emissions Technology Partnership will see us combine efforts on hydrogen and ultra-low cost solar to reduce carbon emissions.,Thu Sep 30 07:18:22 +0000 2021
203,Scott Morrison,"Great to meet with Australian Indian media today to update them on initiatives discussed with PM @narendramodi last week, such as deepening our trade and investment ties, our commitment to an open, secure and resilient Indo-Pacific and critical and emerging technologies. https://t.co/UEYE6xfAO6",Thu Sep 30 07:18:21 +0000 2021
204,Scott Morrison,"Great to meet my good friend Japanese PM @sugawitter prior to the Quad Leadersâ€™ Meeting. An excellent discussion on further strengthening ties, doing more with our ASEAN friends, and practical outcomes for a free and open Indo-Pacific. https://t.co/ewJFAiaEWo",Sat Sep 25 10:00:31 +0000 2021
205,Scott Morrison,"Excellent discussions at our first in-person Quad leadersâ€™ meeting in the US. Honoured to meet with PM @sugawitter, PM @narendramodi &amp; @POTUS on our shared vision of a free, open &amp; resilient Indo-Pacific region &amp; responding to the challenges we face in a complex &amp; changing world. https://t.co/iLzhEnH2fn",Fri Sep 24 22:58:33 +0000 2021
206,Scott Morrison,"50% of all Australians aged 16+ are now fully vaccinated and nearly 75% have had their first jab.

Great stuff! Letâ€™s keep going! Weâ€™re so close to hitting the targets in our National Plan so we can safely reopen &amp; get back to doing more of the things we love to do.

#COVID19Aus https://t.co/vSQcvKKA9Q",Fri Sep 24 02:13:32 +0000 2021
207,Scott Morrison,"Great to meet with my good friend and a great friend of Australia, Indian PM @narendramodi, during my visit to the US. A wide-ranging and productive discussion ahead of the first in-person Quad meeting as we look to further deepen the partnership between our two countries. https://t.co/XZutkNw3t7",Thu Sep 23 21:59:05 +0000 2021
208,Scott Morrison,"Great to catch up with you too, @BorisJohnson, and discuss taking forward our new #AUKUS partnership and our shared interests in a free, open and resilient Indo-Pacific. The UK and Australia are the best of friends and allies. We deeply appreciate our recent vaccine swap deal. https://t.co/UOkOZhzXJL",Thu Sep 23 02:47:54 +0000 2021
209,Scott Morrison,"Thank you for the warm welcome, @SpeakerPelosi. Great to be able to discuss our new #AUKUS partnership and progressing that forward across all levels of government. https://t.co/lITlvnuEBx",Thu Sep 23 02:32:50 +0000 2021
210,Scott Morrison,"A pleasure to meet with you too, @SecDef and discuss #AUKUS and how it signals a new era in the great partnership and friendship between our two countries. https://t.co/TYrotH4gdl",Thu Sep 23 02:30:42 +0000 2021
211,Scott Morrison,"Today I met US President Joe Biden in New York to mark 70 years of our ANZUS alliance and reaffirm our AUKUS partnership announced last week with the UK. Weâ€™re committed to working together to secure a free, open and resilient Indo-Pacific and tackle shared challenges. https://t.co/SFi20kjcqh",Tue Sep 21 22:35:29 +0000 2021
212,Scott Morrison,"We intend to build these submarines in Adelaide in close cooperation with the UK and the US. But let me be clear, Australia is not seeking to acquire nuclear weapons. 

It was great to join Australia's good friends @POTUS and @BorisJohnson to announce this new partnership today. https://t.co/n9cqoIliM9",Wed Sep 15 22:37:38 +0000 2021
213,Scott Morrison,"The first initiative under #AUKUS is the delivery of nuclear-powered submarines for the @Australian_Navy. This will allow @DeptDefence to meet its mission to protect Australia and its national interests, and that of our regional friends, into the future. #AUKUS https://t.co/CYF05qJqPZ",Wed Sep 15 22:37:36 +0000 2021
214,Scott Morrison,"Today, Australia begins an enhanced trilateral security partnership with the UK and the US to enable deeper cooperation on security and defence capabilities. This is an historic opportunity for our countries to strengthen our nationsâ€™ security in uncertain times. #AUKUS",Wed Sep 15 22:37:34 +0000 2021
215,Scott Morrison,"14 million Australians have now had their first COVID jab, thatâ€™s over 68% of those aged over 16, and nearly 9 million are fully vaccinated.

Letâ€™s keep getting this done and hit the National Plan targets so we can safely reopen and get back to doing the things we love to do. https://t.co/ExRflvdRz0",Tue Sep 14 09:03:01 +0000 2021
216,Scott Morrison,"There will now be over 11 million Pfizer and Moderna doses in Australia in Sept, enough to wipe out any queues for jabs. 

This means weâ€™ll be able to take the next steps in our plan to safely reopen Australia in Oct.

Getting vaccinated is critical so get your jab sorted today.",Sun Sep 12 03:04:57 +0000 2021
217,Scott Morrison,"The Moderna vaccines will go directly to local community pharmacies across the country and into the arms of Australians. Today Moderna was also approved for everyone 12 years and older so anyone aged 12-59, including families, will be able to go to a local pharmacy for their jab.",Sun Sep 12 03:04:56 +0000 2021
218,Scott Morrison,"A family sized dose of hope as Australia secures 1 million more Moderna doses to bolster our vaccine program.

The extra doses, along with the first shipment of the already contracted doses, will arrive in Australia within the next week. Read more â¡ï¸ https://t.co/O2fmuHiIhT https://t.co/Nk0hkpx8Av",Sun Sep 12 03:04:56 +0000 2021
219,Scott Morrison,"Wishing the Australian Jewish community marking Rosh Hashanah a Happy New Year. 

I know your celebrations will again be subdued due to COVID.
 
Though challenges still lie ahead, I hope this New Year brings a renewed spirit of hope and faith. 

Lâ€™shanah tovah tikatev vâ€™taihatem.",Mon Sep 06 05:20:57 +0000 2021
220,Scott Morrison,Thank goodness. What a relief. I canâ€™t imagine how traumatic this experience has been for AJ and his parents. Glad to hear heâ€™s safe. Thanks to all at @nswpolice and our paramedics. https://t.co/pIL91J27Cc,Mon Sep 06 01:58:38 +0000 2021
221,Scott Morrison,"Simply the best! Huge congratulations to @DylanAlcott on winning gold!

A true Australian sporting legend! And an all round great guy. Australia couldnâ€™t be prouder. 

One more to go for the golden slam, which has only ever been won once before in history! Bring on the US Open! https://t.co/9EYgMB8ATz",Sat Sep 04 04:13:08 +0000 2021
222,Scott Morrison,Australia condemns the horrific terrorist attack in Auckland. Our thoughts are with all those affected. We stand with our Kiwi family in deploring all such violent acts designed to create fear and divide us. Kia kaha New Zealand.,Fri Sep 03 07:31:44 +0000 2021
223,Scott Morrison,"Australia is now only 2 million first doses away from achieving the 70% first dose vaccination coverage. Every vaccination brings us closer to the freedoms we enjoy.

So letâ€™s get this done by getting your jab today!

#COVIDAus",Fri Sep 03 03:07:38 +0000 2021
224,Scott Morrison,"4 million extra Pfizer vaccine doses will begin arriving in Australia in days after we secured a swap deal with the UK.

This means millions of Australians will now be able to roll up their sleeves and get vaccinated sooner as we follow our National Plan to safely reopen. https://t.co/KWkHSh1I9k",Fri Sep 03 03:07:38 +0000 2021
225,Scott Morrison,We acknowledged the importance &amp; sacrifice of our shared 20-year contribution in Afghanistan &amp; need for our ongoing humanitarian cooperation. Our great alliance &amp; mateship will keep contributing to security &amp; prosperity in the Indo-Pacific &amp; a world order that favours freedom.,Fri Sep 03 00:27:38 +0000 2021
226,Scott Morrison,"We agreed on the significance of US-Australia ties in this ANZUS anniversary year, and the need to build further on that cooperation with other allies and partners in the region.",Fri Sep 03 00:27:38 +0000 2021
227,Scott Morrison,"I also expressed our deep appreciation of US support for our evacuation operations at Kabul, and our sincere condolences for the 13 US soldiers killed in Kabul.",Fri Sep 03 00:27:38 +0000 2021
228,Scott Morrison,"A warm chat with @POTUS today to mark our ANZUS anniversary, discuss next steps on Afghanistan and our partnership in the Indo-Pacific. I conveyed our sympathies for the impact of Hurricane Ida and the New York floods. https://t.co/HzLRlDVwFU",Fri Sep 03 00:27:37 +0000 2021
229,Scott Morrison,Our @AUSParalympics athletes are amazing. Thank you for inspiring us and for everything you have achieved. Australia is so proud! https://t.co/OVzRGvFHSu,Thu Sep 02 12:09:09 +0000 2021
230,Scott Morrison,"20 million jabs! More than 60% of Australians aged 16+, or 3 in every 5 people, have now had their first vaccination.

Great job, Australia! Letâ€™s keep it up, get the jab and stick to the National Plan.

#COVID19Aus https://t.co/oZaWoK41xk",Thu Sep 02 09:14:02 +0000 2021
231,Scott Morrison,RT @keithjpitt: Jersey Day is a chance to begin a conversation with family about becoming an organ donor inspired by 13yo Nathan Gremmo. Goâ€¦,Thu Sep 02 09:12:37 +0000 2021
232,Scott Morrison,"Our economy grew by 0.7% in the June quarter to be 9.6% larger than a year ago in the depths of the pandemic. 

Our economy is 1.6% larger than it was before the pandemic hit. Other than the US, all other G7 economies are smaller than when the pandemic hit.

#COVID19Aus",Wed Sep 01 03:22:17 +0000 2021
233,Scott Morrison,"Australiaâ€™s economy remains resilient to the impact of #COVID19. Our capacity to recover quickly once lockdowns lift has been clearly demonstrated. 

Thatâ€™s why we need to stick to the National Plan to ensure we come out the other side of the current lockdowns with confidence. https://t.co/YQWQXctia6",Wed Sep 01 03:22:17 +0000 2021
234,Scott Morrison,"Over 12 million Australians, or 58.7% of those aged 16+, have now had their first COVID jab.

Thatâ€™s up by 2 million Australians in just two weeks. 

Thank you to each and every one of you.

Keep going Australia!

#COVID19Aus https://t.co/bBABsLBWq8",Tue Aug 31 08:26:51 +0000 2021
235,Scott Morrison,"An extra 500,000 Pfizer vaccine doses will soon land in Australia after we secured a deal with Singapore. 

They will be distributed next week to states &amp; territories on an equal population basis.

Our Government continues to leave no stone unturned to boost our vaccine program. https://t.co/JIaRD2vzxP",Tue Aug 31 05:52:51 +0000 2021
236,Scott Morrison,We honour them for their service and sacrifice and grieve with their friends and family and the tight-knit Townsville community.,Mon Aug 30 10:44:52 +0000 2021
237,Scott Morrison,"I am devastated at the news two of our brave, serving ADF personnel lost their lives today when their army vehicle rolled over near Townsville.

Wherever the sacrifice of our brave men and women of our ADF occurs, it is a great price for them to pay, all in equal measure.",Mon Aug 30 10:44:52 +0000 2021
238,Scott Morrison,"Deeply saddened to hear of the passing of Senator Alex Gallacher. He proudly served in our Parliament for 10 years &amp; we thank him for that wonderful service to his country. My deepest condolences go to his family, friends &amp; colleagues &amp; those in the Labor movement. May he RIP.",Mon Aug 30 06:02:41 +0000 2021
239,Scott Morrison,"Deeply saddened by the deaths of US military personnel and Afghans in the horrific terrorist attacks in Kabul. We mourn your tragic loss. 

Australia condemns these heinous and barbaric attacks.

All our brave ADF and Australian personnel are safe.",Thu Aug 26 22:26:55 +0000 2021
240,Scott Morrison,"10.9 million Australians have now had at least one COVID vaccine dose. 

NSW and ACT are nearly at 3 out of every 5 people aged 16+ having had their first dose. 

Weâ€™re getting this done, Australia. Keep it up! https://t.co/KMAcRwxwO8",Mon Aug 23 11:48:46 +0000 2021
241,Scott Morrison,@AUSParalympics @Tokyo2020 @Paralympics @7Sport @APC_CEO @katemcloughlin4 @RyleyBatt @TableTennisAus Huge congratulations to you both. You and the team will do Australia proud!,Mon Aug 23 11:28:48 +0000 2021
242,Scott Morrison,"A significant milestone today. 50% of all Australians aged 16+ have now had their first COVID vaccination.

Weâ€™re getting this done, Australia. Thank you. Letâ€™s keep going! https://t.co/B9fDSW2wQa",Thu Aug 19 04:49:44 +0000 2021
243,Scott Morrison,"Best wishes to our Indonesian friends on their National Day. We continue to strengthen our partnership in the face of the pandemic and adversity. 

I look forward to discussing our mutual recovery efforts with President @jokowi soon. 

ğŸ‡®ğŸ‡©ğŸ‡¦ğŸ‡º",Tue Aug 17 09:51:39 +0000 2021
244,Scott Morrison,"10 million, or almost 1 in every 2 Australians aged 16+, have now had their first COVID jab.

Yesterday alone, 279,465 Australians had a jab, which is almost 200 people every minute. 

Thank you to each and every one of you. 

Keep it up Australia! 

#COVID19Aus https://t.co/Qqmkbn5Bwq",Tue Aug 17 05:30:48 +0000 2021
245,Scott Morrison,"Wishing my dear friend @narendramodi, the people of India and our Australian Indian community, a joyous Independence Day. We cherish our close partnership with India, built on trust, respect and shared values. Happy Independence Day! #dosti #diaspora
https://t.co/bb4Q5SEAEq",Sun Aug 15 04:19:25 +0000 2021
246,Scott Morrison,"These vaccines were produced at Pfizer's Belgium facility, which is where Australia's other doses have been made.

Our Government continues to leave no stone unturned in the supply and administration of vaccines to protect Australian lives and livelihoods. https://t.co/jvZ5f4C1PJ",Sun Aug 15 02:41:41 +0000 2021
247,Scott Morrison,"An extra 1 million Pfizer vaccine doses will soon land in Australia after we secured a deal with Poland.

These extra doses are on top of the 40 million Pfizer doses we have already secured for 2021. It will provide a big shot in the arm to our vaccine roll-out. https://t.co/CvqrTR6sSo",Sun Aug 15 02:41:40 +0000 2021
248,Scott Morrison,"He made us more feel that whatever the news was it would be ok. Brian Henderson was one of a kind. Our deepest sympathies to his family, friends and many colleagues to whom he was a mentor and guide. He will be forever a legend. Thanks Hendo.",Thu Aug 05 01:06:47 +0000 2021
249,Scott Morrison,"There would be no more trusted voice or face in the history of Australian news broadcasting than Brian Henderson. We knew everything we needed to know because Brian told us so. His combination of warmth, integrity, kindness and good humour was unique. https://t.co/ZSRBLXNL81",Thu Aug 05 01:06:47 +0000 2021
250,Scott Morrison,@FijiPM Congratulations Fiji. Magnificent win.,Wed Jul 28 22:07:23 +0000 2021
251,Scott Morrison,Weâ€™re providing new and additional financial support from next week to people in NSW who have lost work to help them get through this extended lockdown. Read more: https://t.co/k8C9e7kX8h https://t.co/DH1iiD0tdW,Wed Jul 28 07:41:11 +0000 2021
252,Scott Morrison,"NSW businesses with turnover of up to $250m will now be able to access payments of up to $100,000 a week under new expanded support payments from the Federal and NSW Governments. This will cover 400,000 businesses with 3.3m workers. Read more: https://t.co/0QlwMni1YW",Wed Jul 28 05:43:24 +0000 2021
253,Scott Morrison,"Thank you to outgoing Samoan PM Tuilaepa Lupesoliai Sailele Malielegaoi for his longstanding leadership and service to the people of Samoa and to the wider Pacific family, and for further strengthening Samoa-Australia ties.",Mon Jul 26 06:41:44 +0000 2021
254,Scott Morrison,"Honoured to speak with Fiame Naomi Mataâ€™afa, Samoaâ€™s new PM. Australia sends warm congratulations &amp; wishes you every success. I look forward to working with you on a relationship that is important &amp; strong. As a Pacific family we will face the challenges of COVID together. ğŸ‡¦ğŸ‡ºğŸ‡¼ğŸ‡¸ https://t.co/lGJlnrzaRi",Sat Jul 24 04:54:57 +0000 2021
255,Scott Morrison,"Our deepest condolences to our friends in Germany and Belgium, as well as Luxembourg, the Netherlands and Switzerland, you are in our thoughts. https://t.co/7wTujFjzHS",Fri Jul 16 08:17:54 +0000 2021
256,Scott Morrison,"Tony Smith is a great mate, an extremely dedicated member of Parliament and one of the best Speakers our Parliament has ever seen. Iâ€™ll miss him and so will our Parliament. Great job Smithy, but still a bit more work to do before you hang up the boots â¡ï¸ https://t.co/A6bg65gDTx https://t.co/MfAOhfBLsa",Wed Jul 14 08:00:51 +0000 2021
257,Scott Morrison,"Disaster-affected NSW communities will be supported with a further $400m to help secure their long-term recovery. It covers 8 key recovery areas as well as the repair &amp; rebuild of roads &amp; public buildings damaged by the recent storms, floods &amp; bushfires. https://t.co/b70el3saDn",Tue Jul 13 07:38:33 +0000 2021
258,Scott Morrison,Small and medium businesses will be able to register their interest for the support payments from 14 July through Service NSW â¡ï¸ https://t.co/4VLGAFXy76 https://t.co/2xL3bICpuZ,Tue Jul 13 05:49:22 +0000 2021
259,Scott Morrison,"The cost will be split 50/50 with the NSW Government, and apply to businesses with a turnover of between $75,000 and $50m, that have had a 30% decline in turnover. This support will also be made available to other states or territories that experience an extended lockdown.",Tue Jul 13 05:49:20 +0000 2021
260,Scott Morrison,"Around 500,000 small and medium businesses in NSW, employing more than 3 million people, impacted by the extended COVID lockdown will be eligible for support payments of up to $10,000pw. https://t.co/MkfOI6JSZI",Tue Jul 13 05:49:20 +0000 2021
261,Scott Morrison,"The Federal Government will continue to provide financial support to households and businesses impacted by the extended COVID-19 lockdown in Greater Sydney, to help them through this difficult time.",Tue Jul 13 05:49:19 +0000 2021
262,Scott Morrison,"To apply for the COVID Disaster payment of up to $600pw, call Services Australia on 180 22 66 or visit https://t.co/t2Ru5NDJVT https://t.co/qwPW6wez4W",Tue Jul 13 05:45:57 +0000 2021
263,Scott Morrison,The COVID-19 Disaster Payment will also become recurring for approved recipients for as long as the Commonwealth declared hotspot and lockdown restrictions remain in place.,Tue Jul 13 05:45:56 +0000 2021
264,Scott Morrison,"The COVID-19 Disaster Payment will now be made available to anyone in NSW who has lost more than 8 hours, or a full dayâ€™s work, and it will be increased to up to $600pw from week four of any extended lockdown. https://t.co/s5BrqDHVDn",Tue Jul 13 05:45:55 +0000 2021
265,Scott Morrison,"Magnificent. Inspirational. Congratulations @ashbarty! A great Australian champion. Australia is bursting with pride. A generational achievement.

Respect also for KarolÃ­na PlÃ­Å¡kovÃ¡. A great competitor.

Ash Barty. Wimbledon Champion. How good! https://t.co/th5XYUPnAr",Sat Jul 10 21:37:14 +0000 2021
266,Scott Morrison,Congratulations @DylanAlcott on winning your second #Wimbledon title. Truly extraordinary. On to Tokyo for the â€˜golden slamâ€™. https://t.co/v7SW1UE7SP,Sat Jul 10 21:33:59 +0000 2021
267,Scott Morrison,"Wishing @ashbarty and @DylanAlcott all the best for their singles finals tonight at @Wimbledon. We couldnâ€™t be more proud of them as Australians and of their achievements. Go Ash, Go Dylan! Aussie Aussie Aussie! https://t.co/DotZEE2odU",Sat Jul 10 04:58:05 +0000 2021
268,Scott Morrison,"Brilliant stuff @ashbarty! An outstanding win, congratulations. Youâ€™ve done Australia so proud! Bring on the final!",Thu Jul 08 20:40:18 +0000 2021
269,Scott Morrison,Huge congrats to Cate Campbell and Patty Mills on being selected as our flag bearers for the Tokyo Olympics. You and the team will do Australia proud! @catecamp @Patty_Mills https://t.co/c2VAdarAbu,Wed Jul 07 10:42:56 +0000 2021
270,Scott Morrison,"A record week for COVID-19 vaccinations last week with over 880,000 Australians getting their jab, bringing our total to over 8.25m doses administered. 

Weâ€™ll continue to do everything we can to get Australians vaccinated as quickly as possible.

Weâ€™ll get this done Australia. https://t.co/E0OJhyhFc3",Mon Jul 05 10:26:58 +0000 2021
271,Scott Morrison,Australia is charting a pathway out of COVID-19 that will get us to the other side and see life gradually return to normal. A four-phase plan was agreed in principle at todayâ€™s National Cabinet by all the states and territories. Read more: https://t.co/RdDCOEo7QZ,Fri Jul 02 06:42:30 +0000 2021
272,Scott Morrison,"Congratulations to this very special Australian couple - Helena and Ernest Reed - who are celebrating their 80th wedding anniversary today. What a wonderful and remarkable milestone! On behalf of everyone in Australia, wishing you a very happy anniversary! https://t.co/p5l0wRwyN0",Sat Jun 26 10:19:44 +0000 2021
273,Scott Morrison,"The Federal Governmentâ€™s COVID-19 Disaster Payment of up to $500pw for the 7 LGAs declared hotspots earlier this week will kick in from 1 July and the rest of Greater Sydney, Central Coast, the Blue Mountains and Wollongong from 4 July.",Sat Jun 26 07:17:15 +0000 2021
274,Scott Morrison,"Difficult news for Greater Sydney, the Blue Mountains, Central Coast &amp; Wollongong today as they go into lockdown until Fri 9 July. Weâ€™ll get through this together, by looking out for each other &amp; following the measures put in place by the NSW Government.

https://t.co/gI4HzREPje",Sat Jun 26 07:17:15 +0000 2021
275,Scott Morrison,Good catch-ups with Australiaâ€™s close friends @FijiPM &amp; Indonesian President @jokowi &amp; a congratulatory call with @IsraeliPM. Great to discuss shared interests &amp; challenges as we respond to the pandemic &amp; strengthen our ties. Australia will always be a steadfast partner.,Fri Jun 25 08:24:52 +0000 2021
276,Scott Morrison,"Australians have shown such strength and determination throughout the course of this pandemic. Iâ€™m confident NSW, and the people of NSW, will overcome this latest challenge.

This virus is not going away and weâ€™re going to fight it, as we always have, with everything weâ€™ve got. https://t.co/8cx77wnD5g",Wed Jun 23 23:47:40 +0000 2021
277,Scott Morrison,"RT @PaulFletcherMP: The Online Safety Act now passed through the Parliament. 

This is a great day for helping to keep Australians safe onlâ€¦",Wed Jun 23 22:55:05 +0000 2021
278,Scott Morrison,"RT @MichaelSukkarMP: The Family Home Guarantee has passed the Parliament. From 1 July 2021, single parent families can purchase a home withâ€¦",Wed Jun 23 22:54:46 +0000 2021
279,Scott Morrison,https://t.co/0LN8eCxAh8,Mon Jun 21 03:57:08 +0000 2021
280,Scott Morrison,"RT @GregHuntMP: Many thanks to the 130,810 Australians who came forward to be vaccinated yesterday. A very strong and pleasing outcome withâ€¦",Sat Jun 19 09:09:00 +0000 2021
281,Scott Morrison,"RT @MichaelSukkarMP: This morning I met Shalika, Chandler and Brendan to discuss the challenges of saving for a 20% deposit on a house. Theâ€¦",Sat Jun 19 09:07:19 +0000 2021
282,Scott Morrison,RT @JoshFrydenberg: Great news for more than 10 million Australians with tax cuts for low &amp; middle-income earners passing the Parliament toâ€¦,Thu Jun 17 06:04:05 +0000 2021
283,Scott Morrison,"RT @JoshFrydenberg: The Australian economy is roaring back- bigger, stronger &amp; leading the world.

âœ…Unemployment rate dropped to 5.1%, backâ€¦",Thu Jun 17 06:03:59 +0000 2021
284,Scott Morrison,"Jobs, jobs and more jobs. Another 115,200 new jobs were created last month as the unemployment rate fell to 5.1%. Australia continues to lead the world in our economic comeback from the COVID-19 pandemic. https://t.co/aQbpJjAQ6R",Thu Jun 17 02:40:48 +0000 2021
285,Scott Morrison,"Honoured to once again have an audience with Her Majesty, Queen Elizabeth II before my departure from London this afternoon. We had a good conversation and I was able to pass on in person Australiaâ€™s condolences on the recent loss of Prince Philip. https://t.co/aBqiWEMo3Y",Tue Jun 15 12:19:58 +0000 2021
286,Scott Morrison,RT @BorisJohnson: The deal is done! ğŸ‡¬ğŸ‡§ğŸ‡¦ğŸ‡º https://t.co/vlgjJqxTUk,Tue Jun 15 12:17:53 +0000 2021
287,Scott Morrison,"Absolutely devastating news. My deepest condolences to this young womanâ€™s family at this difficult time.

The danger is not over yet with another evacuation order issued today for Traralgon due to rising flood waters so please, everyone, stay safe.

https://t.co/cz1tpMxdyp",Fri Jun 11 06:07:26 +0000 2021
288,Scott Morrison,"Thank you PM Lee. While a brief visit, we got through a lot. The importance of ASEAN, regional security challenges, defence ties, working on a future travel bubble, our new hydrogen technology partnership, and a new FinTech bridge agreement. Hope to see you soon in Australia. https://t.co/SwVDLQj3bk",Thu Jun 10 12:50:01 +0000 2021
289,Scott Morrison,"Severe weather is causing havoc in many parts of the country, with snow falling across NSW and flooding in Victoria, so please stay safe everyone, particularly if youâ€™re driving on the roads.",Thu Jun 10 11:22:36 +0000 2021
290,Scott Morrison,"Very sad news out of Victoria today, a state that is already grappling with so much as itâ€™s getting on top of this latest COVID-19 outbreak, and reopening. My thoughts are with this manâ€™s family and community at this time of such devastating loss. 
https://t.co/JwfWdwrLwo",Thu Jun 10 11:22:03 +0000 2021
291,Scott Morrison,RT @AusHCSG: Happening now - PM @ScottMorrisonMP &amp; PM @leehsienloong speaking to media in #Singapore following their ğŸ‡¦ğŸ‡º-ğŸ‡¸ğŸ‡¬ Annual Leaders'â€¦,Thu Jun 10 10:51:08 +0000 2021
292,Scott Morrison,"Heartfelt thanks to all our first responders on #ThankAFirstResponder Day. You have dealt with so much in recent times whether itâ€™s been floods, bushfires, or #COVID19. You put your lives on the line every day to keep your communities and Australians safe. We are truly grateful. https://t.co/a0C9Srwr0C",Wed Jun 09 02:45:40 +0000 2021
293,Scott Morrison,"RT @JoshFrydenberg: #BREAKING: S&amp;P has revised up Australiaâ€™s credit outlook to stable from negative &amp; affirmed our AAA credit rating.

S&amp;Pâ€¦",Mon Jun 07 06:09:25 +0000 2021
294,Scott Morrison,"RT @GregHuntMP: 1 in 5 Australians aged 16 years and over have now had their first COVID-19 vaccine dose, with over 4.9 million doses proviâ€¦",Sat Jun 05 05:14:31 +0000 2021
295,Scott Morrison,Buona Festa della Repubblica! Today Italy and our Italian Australian community celebrate 75 years since Italy voted to become a republic. Thank you to all our Italian Australians for helping to make Australia the wonderful country it is! ğŸ‡®ğŸ‡¹ https://t.co/H6glrU2XgY,Wed Jun 02 08:34:00 +0000 2021
296,Scott Morrison,"Australia continues to lead the world in our comeback from the #COVID19 global pandemic and recession. Our economy grew 1.8% in the March quarter - outperforming G7 economies. According to @ABSStats, our economy has now recovered to be above pre-pandemic levels. https://t.co/wRcj6xrtBl",Wed Jun 02 03:12:52 +0000 2021
297,Scott Morrison,"Great calls with Kiribati President Maamau, PNG PM Marape &amp; Solomon Islands PM Sogavare. We discussed Australiaâ€™s steadfast support for the health &amp; resilience of our Pacific family as they respond to #COVID19, infrastructure support, labour mobility &amp; shared security interests.",Wed May 26 11:25:25 +0000 2021
298,Scott Morrison,"Delighted to speak with Vietnamese PM Chinh tonight. Australia &amp; Vietnam are close strategic partners, with thriving trade &amp; investment ties. Weâ€™ll continue to work together on shared challenges in the Indo-Pacific, bilaterally &amp; through Australiaâ€™s close cooperation with ASEAN.",Tue May 25 12:08:59 +0000 2021
299,Scott Morrison,"A record 101,146 doses of #COVID19 vaccines were administered in Australia in past 24 hours, bringing the total administered to nearly 3.5 million. Our vaccination program continues to ramp up. I encourage everyone to roll up their sleeves and get their jab when itâ€™s their turn.",Fri May 21 04:46:26 +0000 2021
300,Scott Morrison,"With unemployment falling to 5.5%, 33,800 more full time jobs being created and youth unemployment down to the lowest level since 2009, our plan to secure Australiaâ€™s recovery is working.",Thu May 20 01:54:50 +0000 2021
301,Scott Morrison,"Thank you to all the nurses across Australia for the amazing job you do. You have been on the front line of this global #COVID19 pandemic, helping to protect Australians and caring for our communities. Happy #InternationalNursesDay! #IND2021 https://t.co/UlU8MiyY5Y",Wed May 12 04:41:57 +0000 2021
302,Scott Morrison,"Australia is now well on the road to recovery.

#Budget2021 secures our recovery and sets Australia up for the future.",Tue May 11 10:10:10 +0000 2021
303,Scott Morrison,"RT @LiberalAus: â€œEmployment is at a record high, with 75,000 more Australians in jobs than before the pandemic. And this Budget will help tâ€¦",Tue May 11 10:09:39 +0000 2021
304,Scott Morrison,"RT @JoshFrydenberg: We're investing a further $1.1b in womenâ€™s safety. Delivering more emergency accommodation, legal assistance, counselliâ€¦",Tue May 11 10:01:29 +0000 2021
305,Scott Morrison,RT @LiberalAus: â€œThe Government is investing record funding in education. We have already doubled school funding since we came to office. Oâ€¦,Tue May 11 10:00:12 +0000 2021
306,Scott Morrison,"Our Government has nearly doubled spending on mental health since we came to office.

It is a clear national priority. #Budget2021 extends our support even further with a $2.3 billion commitment to mental health care and suicide prevention. https://t.co/vkTzW4UxX6",Tue May 11 09:58:39 +0000 2021
307,Scott Morrison,"#Budget2021 delivers $17.7 billion in practical and targeted new funding to significantly improve the aged care system. 

Itâ€™s about ensuring older Australians are treated with respect, care and dignity.",Tue May 11 09:55:28 +0000 2021
308,Scott Morrison,"RT @LiberalAus: â€œThe Government is also providing in this Budget new funding for endometriosis, research into pre-term birth and genetic teâ€¦",Tue May 11 09:54:53 +0000 2021
309,Scott Morrison,"RT @LiberalAus: â€œTonight, we announce the listing of Emgality to treat chronic migraines. Instead of costing $6,800 per year for treatmentâ€¦",Tue May 11 09:54:45 +0000 2021
310,Scott Morrison,"RT @LiberalAus: â€œSince coming to Government, we have listed more than 2,600 medicines on the PBS, an average of one each day. This has putâ€¦",Tue May 11 09:52:33 +0000 2021
311,Scott Morrison,"RT @JoshFrydenberg: In #Budget2021, the Government is providing record funding for schools, hospitals, Medicare, mental health, aged care aâ€¦",Tue May 11 09:52:25 +0000 2021
312,Scott Morrison,RT @LiberalAus: â€œAustraliaâ€™s manufacturing sector will be a key driver of future jobs and higher wages. That is why we have already committâ€¦,Tue May 11 09:50:02 +0000 2021
313,Scott Morrison,RT @LiberalAus: â€œOur economic plan capitalises on the opportunities that will exist on the other side of this crisis. Building the infrastrâ€¦,Tue May 11 09:46:59 +0000 2021
314,Scott Morrison,"Around 250,000 families will now have access to more affordable childcare and will be better off by an average of $2200 a year, thanks to a $1.7 billion investment in #Budget2021. It focuses on low and middle income families, enabling more parents to get back to work.",Tue May 11 09:46:47 +0000 2021
315,Scott Morrison,"RT @M_McCormackMP: #Budget2021: More than 99% of businesses, who combined employ over 11 million workers, can write-off the full value of aâ€¦",Tue May 11 09:45:13 +0000 2021
316,Scott Morrison,"#Budget2021 doubles our Governmentâ€™s commitment to the JobTrainer fund.

Supporting a total of over 450,000 new training places to upskill job seekers and young people.

We want to equip Australians with the skills they need to get a job today and tomorrow. https://t.co/obH2YE8Sij",Tue May 11 09:44:28 +0000 2021
317,Scott Morrison,"RT @LiberalAus: â€œIn this Budget, our housing measures go even further. Helping another 10,000 first home buyers build a new home with a 5 pâ€¦",Tue May 11 09:42:11 +0000 2021
318,Scott Morrison,"RT @JoshFrydenberg: Our record investment incentives are filling the order books of the nation. Tonight, we again go further. We're extendiâ€¦",Tue May 11 09:41:31 +0000 2021
319,Scott Morrison,"RT @LiberalAus: â€œOur record investment incentives are filling the order books of the nation. Over 99 per cent of businesses, employing overâ€¦",Tue May 11 09:40:56 +0000 2021
320,Scott Morrison,"Over 10 million hard-working Australians will benefit from a new and additional tax cut in #Budget2021.

Low &amp; middle-income earners will receive up to $1,080 for individuals or $2,160 for couples.

More of their money in their pockets to spend across the economy, creating jobs.",Tue May 11 09:39:51 +0000 2021
321,Scott Morrison,"Our Governmentâ€™s first priority is to keep Australians safe from COVID.

In total, we have committed $20 billion to the vaccine rollout &amp; to strengthen our health system in response to #COVID19. Australians have already received over 2.7 million doses of the vaccine.

#Budget2021",Tue May 11 09:38:49 +0000 2021
322,Scott Morrison,"Australia is coming back. Our plan is working and our economic engine is roaring back to life. 

Since the last Budget, more than half a million jobs have been created and more Australians are now in work than ever before.

#Budget2021 #auspol",Tue May 11 09:36:25 +0000 2021
323,Scott Morrison,"#Budget2021 is our plan to secure Australiaâ€™s economic recovery and build for the future.

A plan that continues to protect Australians from COVID.

A plan that creates more jobs and guarantees essential services.

A plan that builds a more resilient and secure Australia.",Tue May 11 09:34:57 +0000 2021
324,Scott Morrison,"RT @JoshFrydenberg: #Budget2021 Papers are ready to go! 

ğŸ¥Tune in tonight at 7.30pm. @Birmo https://t.co/Idy0hQOu7t",Mon May 10 23:38:28 +0000 2021
325,Scott Morrison,"Just spoke with our friend, PM @narendramodi who thanked Australia for standing by India during the #COVID19 crisis. Weâ€™re supporting them with ventilators and oxygen concentrators. We wonâ€™t forget Indiaâ€™s generosity in exporting vaccines. Weâ€™ll work closely on global challenges.",Fri May 07 08:18:23 +0000 2021
326,Scott Morrison,"In the Hunter to announce a jobs boom. #Budget2021 delivers $66m to make the @NTLairport upgrade happen, with work to start in August. Thatâ€™ll deliver 4,400 new jobs &amp; thousands of extra tourists to the region, spending money in local businesses â¡ï¸ https://t.co/pu6LH653Oi https://t.co/whnnnDcrGM",Fri May 07 01:38:44 +0000 2021
327,Scott Morrison,"Great to chat with my friend Timor-Leste PM @TaurDe. Glad an initial delivery of 20,000 Australian-manufactured COVID vaccines from our national stocks arrived in Dili today, and other medical supplies. We will always stand with our Timorese friends.",Wed May 05 11:17:04 +0000 2021
328,Scott Morrison,"Thanks @sebastiankurz for hosting another catch up tonight with our Greek, Danish &amp; Czech counterparts, a valuable opportunity to swap notes on COVID vaccine rollouts, testing, dealing with variants, green passports &amp; opening up travel. Good to keep in touch on common challenges. https://t.co/OcCl11ehbl",Wed May 05 11:16:22 +0000 2021
329,Scott Morrison,"Congrats to Tasmanian Premier Peter Gutwein &amp; the @TasLiberal team. While votes are still being counted, under Peterâ€™s strong, calm &amp; cooperative leadership they have continued to take the State forward. Thanks to all Tasmanians for their support of the Liberal Team in Tasmania.",Sun May 02 00:15:37 +0000 2021
330,Scott Morrison,"I send Australiaâ€™s heartfelt condolences to our friends in Israel following the tragic loss of life at Mount Meron in northern Israel, with many more injured. You are in our thoughts as you grieve at this terrible time.",Fri Apr 30 09:35:41 +0000 2021
331,Scott Morrison,Deepest sympathies to President @jokowi &amp; all our Indonesian friends on the loss of KRI Nanggala. A tragic reminder of the ultimate sacrifice our service people make for their country. It was an honour to contribute to search efforts. Australia stands by you in your time of loss.,Sun Apr 25 10:17:30 +0000 2021
332,Scott Morrison,"""They shall grow not old, as we that are left grow old; 
Age shall not weary them, nor the years condemn. 
At the going down of the sun and in the morning 
We will remember them.""

#Watch my National #AnzacDay Dawn Service address.

#LestWeForget 

https://t.co/QmuDqHEM4K",Sun Apr 25 05:40:59 +0000 2021
333,Scott Morrison,#LestWeForget https://t.co/EQGbuOAd3j,Sun Apr 25 05:08:41 +0000 2021
334,Scott Morrison,Australia stands with our friends in India as it manages a difficult second COVID-19 wave. We know how strong and resilient the Indian nation is. @narendramodi and I will keep working in partnership on this global challenge.,Fri Apr 23 23:34:50 +0000 2021
335,Scott Morrison,Our thoughts are with our Indonesian friends and President @jokowi after the disappearance of the submarine KRI Nanggala. Australia stands with you at this challenging time and we offer you every assistance.,Thu Apr 22 11:37:39 +0000 2021
336,Scott Morrison,"RT @MichaelSukkarMP: All 120,000+ HomeBuilder applications will now have 18 months to commence construction from their contract date. Thisâ€¦",Sat Apr 17 11:50:11 +0000 2021
337,Scott Morrison,"RT @JoshFrydenberg: #BREAKING: The unemployment rate has dropped to 5.6%, with 70,700 jobs created in March -  with around 80% of the jobsâ€¦",Thu Apr 15 05:08:28 +0000 2021
338,Scott Morrison,"Due to commitments here in WA, I was very sorry not to be able to join Jenny and @MarisePayne in Sydney today to honour, celebrate and give thanks for the life and contribution of Carla Zampatti to our nation. Carla was a true icon and will be sadly missed.",Thu Apr 15 02:19:40 +0000 2021
339,Scott Morrison,"Emergency payments of $1000 for adults and $400 for children have been made available by the Federal Government to support those seriously affected by Cyclone Seroja in WA.

The payments are available now in the local government area of Northampton. To claim â˜ï¸ 180 22 66.",Tue Apr 13 23:35:47 +0000 2021
340,Scott Morrison,Statement on His Royal Highness The Duke of Edinburgh. https://t.co/6kq6Lg7cLp,Fri Apr 09 11:25:41 +0000 2021
341,Scott Morrison,"Jen and I wish you &amp; your family all the best for your treatment &amp; recovery, Jim.

Weâ€™ve worked together for over a decade now &amp; youâ€™ve always put your service above all else, even now. You are an incredible person. We will all be here to support you through this battle ahead. https://t.co/rWvJDYBf3V",Mon Apr 05 21:19:44 +0000 2021
342,Scott Morrison,"RT @MichaelSukkarMP: HomeBuilder has been a huge success, with ABS data for February showing building approvals for private sector houses râ€¦",Thu Apr 01 05:13:35 +0000 2021
343,Scott Morrison,RT @AusSpaceAgency: This morning @ScottMorrisonMP  officially unveiled our Australian Space Discovery Centre to the public! The centre is bâ€¦,Wed Mar 31 07:21:15 +0000 2021
344,Scott Morrison,"Over 82,000 disaster payments have now been paid out by the Federal Government to support Australians impacted by the floods, totalling over $102m. In most cases these payments of $1000 for adults and $400 for children have been paid within an hour. To make a claim â˜ï¸ 180 22 66.",Wed Mar 31 02:51:30 +0000 2021
345,Scott Morrison,"Happy 100th birthday to our amazing @AusAirForce.

Today we honour all those who have served in the RAAF, their courage, skill, dedication and character. 

And we remember the more than 11,000 members who made the ultimate sacrifice for their country.

Thank you for your service. https://t.co/HdWc00FjtL",Wed Mar 31 02:33:21 +0000 2021
346,Scott Morrison,"Over 69,000 disaster payments have now been paid out by our Government to support Australians impacted by the floods, totalling $86.9 million. In most cases these payments of $1000 for adults and $400 for children have been paid within an hour. To make a claim call â˜ï¸ 180 22 66. https://t.co/x4TI5pqBHF",Tue Mar 30 04:25:14 +0000 2021
347,Scott Morrison,"RT @stuartrobertmp: The Australian Government is providing immediate support to those affected by the #NSWFloods. 

As at 0800, 29 March 20â€¦",Mon Mar 29 06:24:06 +0000 2021
348,Scott Morrison,"RT @stuartrobertmp: The Australian Government is providing immediate support to those affected by the #NSWFloods. 

As at 0800, 28 March 20â€¦",Sun Mar 28 06:42:38 +0000 2021
349,Scott Morrison,"Wishing our Hindu Australian community, my good friend @narendramodi and all the people who are celebrating it, a happy and colourful Holi!

à¤¹à¥‹à¤²à¥€ à¤•à¥€ à¤¶à¥à¤­à¤•à¤¾à¤®à¤¨à¤¾à¤à¤à¥¤ https://t.co/rjz1MA8gHJ",Sun Mar 28 00:37:07 +0000 2021
350,Scott Morrison,Australia stands with you Boris ğŸ‡¦ğŸ‡ºğŸ‡¬ğŸ‡§ https://t.co/s9RpbgN02A,Sat Mar 27 01:04:42 +0000 2021
351,Scott Morrison,"Awesome kids and an awesome team. Great to meet you all today, keep up the amazing work! https://t.co/PevtEs1VBb",Thu Mar 25 04:54:02 +0000 2021
352,Scott Morrison,"Happy Independence Day, Greece! As you celebrate 200 years of an incredible journey, the Greek Australian community will be proudly joining your celebrations ğŸ‡¬ğŸ‡·ğŸ‡¦ğŸ‡º

Î§Î±Î¯ÏÎµ, Ï‰ Ï‡Î±Î¯ÏÎµ, Î•Î»ÎµÏ…Î¸ÎµÏÎ¹Î¬! 
@PrimeministerGR @PresidencyGR",Thu Mar 25 04:12:46 +0000 2021
353,Scott Morrison,"More heartbreaking news, this time from Queensland. My thoughts are with the manâ€™s family and community in this time of such devastating loss. https://t.co/uc0gYzqr2b",Wed Mar 24 11:05:32 +0000 2021
354,Scott Morrison,"Absolutely devastating news. My deepest condolences to the family at this difficult time.

While the rain has mostly eased for now, this is an important reminder the danger has not. Please, everyone, stay safe. https://t.co/Mp9QCZ1UPO",Wed Mar 24 04:41:04 +0000 2021
355,Scott Morrison,"10,287 payments of $1000 for adults and $400 for children, totalling $13.5m, have been made by the Federal Government to date to support people affected by flooding. In most cases those payments are being paid within an hour of making a claim. To make a claim call 180 22 66. https://t.co/zE2nUXbhuM",Tue Mar 23 21:57:25 +0000 2021
356,Scott Morrison,"This is why you should never go into flood waters. If it's flooded, forget it. 

Thankfully, this driver was able to get out safely before the car was swept away. https://t.co/slQpUvQMFr",Tue Mar 23 05:46:14 +0000 2021
357,Scott Morrison,RT @MarisePayne: Australian Defence Force helicopters will today deploy to NSW to support search and rescue activities for the flood emergeâ€¦,Tue Mar 23 00:14:12 +0000 2021
358,Scott Morrison,A very productive meeting today. Thanks for your feedback on the vaccine rollout so far and we will continue to support you as we move to this next crucial phase. https://t.co/cyh9O6ASkG,Fri Mar 19 07:55:28 +0000 2021
359,Scott Morrison,"RT @JoshFrydenberg: The jobs are coming back but the job is not done. 

With the unemployment rate falling &amp; Australians getting back to woâ€¦",Fri Mar 19 06:23:40 +0000 2021
360,Scott Morrison,"Australia is working with Papua New Guinea on a comprehensive package to support their Government's response to a concerning spike in #COVID19 cases. By helping them, we're not only helping our Pacific family, we're keeping Australians safe. 
https://t.co/G8ieSfkCkL",Wed Mar 17 04:15:05 +0000 2021
361,Scott Morrison,"Excellent discussions with PM @narendramodi, PM @sugawitter and @POTUS Joe Biden about our shared vision of a free, open, prosperous and resilient Indo-Pacific region and how we can continue to contribute to that as like-minded liberal democracies.

https://t.co/ZzO3p5zb4w",Sun Mar 14 07:10:01 +0000 2021
362,Scott Morrison,"The Australian Government is ramping up its campaign against misinformation on #COVID19 vaccines. New material from @healthgovau will provide trusted, evidence-based information for everyone in Australia and respond to misinformation. Find out more â¬‡ï¸

https://t.co/fa2sfVIUAm",Sun Mar 14 03:29:13 +0000 2021
363,Scott Morrison,"Got my second #COVID19 vaccine jab today along with the delightful Jane Malysiak, the first person in Australia to be vaccinated. 

A reminder, vaccinations are free and voluntary for everyone in Australia and our own medical experts have found them to be safe and effective. https://t.co/EQ0td2kjgN",Sun Mar 14 02:12:15 +0000 2021
364,Scott Morrison,"A huge honour and recognition for Australia. Well done to @MathiasCormann on being elected as the next Secretary-General of the @OECD, one of the worldâ€™s most important international economic organisations. Heâ€™ll do an outstanding job â¡ï¸ https://t.co/fvuWgzgNFL",Fri Mar 12 22:41:44 +0000 2021
365,Scott Morrison,"An historic meeting for India, the United States, Japan and Australia - the first ever leadersâ€™ meeting of the Quad. 

For us, this meeting is about how we keep Australia and the Indo-Pacific region we live in safe, stable and secure. 

ğŸ‡®ğŸ‡³ ğŸ‡ºğŸ‡¸ ğŸ‡¯ğŸ‡µ ğŸ‡¦ğŸ‡º https://t.co/Uk40KccJTJ",Fri Mar 12 14:48:21 +0000 2021
366,Scott Morrison,"1.3 million doses of #COVID19 vaccines are now in Australia, with more doses of the AstraZeneca and Pfizer vaccines arriving in recent days.

These will be rolled out over coming weeks, with the locally produced AstraZeneca vaccine on track to be ready by the week of 22 March. https://t.co/0OjZccpKRJ",Wed Mar 10 03:10:51 +0000 2021
367,Scott Morrison,This is a welcome step in the right direction so that more people can pay their respects. https://t.co/rzEFrsReoW,Tue Mar 09 06:11:49 +0000 2021
368,Scott Morrison,"A pleasure to chat with @VP Kamala Harris. Weâ€™ll strengthen our very strong alliance even further, including in security, trade, climate change, &amp; energy tech. We discussed responding to #COVID19, promoting a free &amp; open Indo-Pacific &amp; working with our ASEAN and Pacific partners. https://t.co/lKNQFRv8Nh",Wed Mar 03 01:39:34 +0000 2021
369,Scott Morrison,"Good news on the jobs front as well this week with job adverts hitting the highest level since October 2018. An additional 20,500 jobs are being advertised on average a month compared to pre-pandemic levels. https://t.co/W2YwCUtSh5",Wed Mar 03 01:03:36 +0000 2021
370,Scott Morrison,"Australiaâ€™s comeback from #COVID19 continues to gather pace. Our economy grew 3.1% in the fourth quarter of 2020, which is better than all the G7 countries and the OECD average. Our Government is continuing to focus on creating jobs and driving our recovery from this pandemic.",Wed Mar 03 00:59:58 +0000 2021
371,Scott Morrison,Australian ingenuity at its best. The first Australian-designed military aircraft to be built here in over 50 years has completed its first flight in SA. Weâ€™re backing this program in with a further $115m investment. It's supporting Australian jobs and our defence industry. https://t.co/WuV3Gv68Ln,Wed Mar 03 00:11:17 +0000 2021
372,Scott Morrison,"Vale Grand Chief Sir Michael Somare, founding father of democratic and independent #PNG and a great friend to Australia. My heartfelt condolences to his family, Prime Minister Marape and the people of PNG. Australians stand with you in this time of sadness. May he rest in peace.",Thu Feb 25 20:14:39 +0000 2021
373,Scott Morrison,"Thanks to my good friend PM @sugawitter for a great call. We discussed strengthening a free &amp; open Indo-Pacific, cooperation with ASEAN &amp; through the Quad, energy technology partnerships &amp; our new digital platform laws. I wished him all the best for #TokyoOlympics https://t.co/5xjIu2MzwQ",Thu Feb 25 08:54:48 +0000 2021
374,Scott Morrison,"Another good call with PM @JustinTrudeau. We also discussed Australiaâ€™s media bargaining code, developments in the Indo-Pacific incl. ASEANâ€™s central role in the region, &amp; Australia &amp; Canadaâ€™s strong collaboration as like-minded liberal democracies. Great to chat again Justin. https://t.co/rH1kORYFyd",Tue Feb 23 22:17:11 +0000 2021
375,Scott Morrison,"Australiaâ€™s comeback from this #COVID19 pandemic continues to gather pace, with more positive news on the economic front today. Last week, official statistics showed 29,100 new jobs were created in January, meaning 93% of jobs lost to COVID have now come back. https://t.co/SKLi1Yk0Bt",Mon Feb 22 06:02:55 +0000 2021
376,Scott Morrison,"Pleased to get my #COVID19 vaccine today along with Australiaâ€™s CMO Professor Paul Kelly to give further confidence to Australians these vaccines, which have been tested and approved by our medical experts, are safe &amp; effective. https://t.co/uz7uX900My",Sun Feb 21 07:00:59 +0000 2021
377,Scott Morrison,"Our #COVID19 vaccination program is underway! These are the 1st Australians to get vaccinated ahead of the rollout getting underway tomorrow. Our first priority is to protect our most vulnerable &amp; frontline workers, who are protecting all of us. Getting vaccinated does just that. https://t.co/YLGOYRuz6j",Sun Feb 21 07:00:57 +0000 2021
378,Scott Morrison,"Meet Jane: the first person in Australia to receive a #COVID19 vaccine. Today is a landmark day in our comeback from this pandemic. 

Vaccinations are free and voluntary for everyone in Australia and our own medical experts have found these vaccines to be safe and effective. https://t.co/yhu5YuG89g",Sun Feb 21 02:45:08 +0000 2021
379,Scott Morrison,"It's the 79th anniversary of the Bombing of Darwin, which saw over 200 people killed and many more wounded. The Second World War had reached our shores in a surprise attack. Today we pay tribute to those who served our nation &amp; remember the terrible loss &amp; sacrifice #LestWeForget https://t.co/OLCRLGmYmQ",Fri Feb 19 07:49:16 +0000 2021
380,Scott Morrison,"Touch down! Congratulations to Abigail Allwood, the first woman â€” and Australian â€” to be a principal investigator on a Mars mission as well as to the team in Canberra who helped track the landing and all the others involved in making this happen. https://t.co/fU2VxWPj9D",Fri Feb 19 07:43:57 +0000 2021
381,Scott Morrison,"Great to talk to my good friend PM @narendramodi again. As Comprehensive Strategic Partners, we can work together on common challenges incl #COVID19, the circular economy, oceans &amp; an open, secure and prosperous Indo-Pacific. We also discussed progress of our media platform bill. https://t.co/fjAeLecCYA",Fri Feb 19 07:04:32 +0000 2021
382,Scott Morrison,"Australiaâ€™s comeback from #COVID19 continues with more good news on the jobs front today. 29,100 new jobs were created last month. That means 93% of jobs lost to COVID have now come back. 

Our Government continues to focus on driving our economic recovery from this pandemic. https://t.co/OZ7NlWmaiV",Thu Feb 18 02:26:34 +0000 2021
383,Scott Morrison,"RT @JoshFrydenberg: Jobs are coming back. 

New data from the ABS shows the number of jobs has recovered back to where it was a year ago prâ€¦",Tue Feb 16 10:14:05 +0000 2021
384,Scott Morrison,An important step forward in our fight against this global #COVID19 pandemic today. Safety is our number one priority and Australiaâ€™s own medical experts have carefully made their assessments before giving approval to this vaccine. https://t.co/nw9ZCJfwO4,Tue Feb 16 10:10:09 +0000 2021
385,Scott Morrison,"Today the AstraZeneca vaccine for #COVID19 has been approved for use in Australia, the second vaccine to receive such approval from our own world-class independent safety regulator, the TGA, having been found to be safe and effective. Read more ğŸ‘‰ https://t.co/uJ3zMWYfse https://t.co/M2aFqjQsgx",Tue Feb 16 05:26:42 +0000 2021
386,Scott Morrison,"The vaccine has landed and weâ€™re stepping up our fight against the pandemic. More than 142,000 doses of the Pfizer/BioNTech vaccine have just arrived at Sydney Airport in a major milestone in Australiaâ€™s response to #COVID19. Read more: https://t.co/aNZt99BfJk",Mon Feb 15 03:10:59 +0000 2021
387,Scott Morrison,"Powerful stories with important messages.

Today I met with survivors of the Stolen Generations, to hear their stories as we mark the 13th anniversary of the Apology to Australiaâ€™s Indigenous Peoples.

Thank you for your honesty and bravery, an honour to meet you all. https://t.co/ApoyWxe9yD",Mon Feb 15 01:57:14 +0000 2021
388,Scott Morrison,"Congratulations to Prime Minister Draghi. Australia and Italy are great friends with shared values and interests. I look forward to working closely with you again, following on from our time in the G20, when the now PM was running the European Central Bank ğŸ‡¦ğŸ‡ºğŸ‡®ğŸ‡¹ https://t.co/9KqT7ihB60 https://t.co/UV1lyArz9y",Sun Feb 14 01:45:46 +0000 2021
389,Scott Morrison,Congratulations Team Liberal SA. https://t.co/itKPyxqwsZ,Fri Feb 12 20:59:48 +0000 2021
390,Scott Morrison,"We join our American friends in paying tribute to Secretary George Shultz. A consummate diplomat and strategist who played a pivotal role in ending the Cold War, a master of statecraft, and a true friend of Australia.",Mon Feb 08 02:38:17 +0000 2021
391,Scott Morrison,Devastating news for India and @narendramodi following flash flooding in Uttarakhand. Australia stands with one of its closest friends at this very difficult time. https://t.co/uOnnHMAazY,Sun Feb 07 23:01:45 +0000 2021
392,Scott Morrison,"Great to speak to US President Joe Biden again today. We discussed our many shared interests in the Indo-Pacific and agreed the importance of technology partnerships in reducing emissions towards net zero and driving economic growth, and keen to meet at an early opportunity ğŸ‡¦ğŸ‡ºğŸ‡ºğŸ‡¸ https://t.co/2AjOobFBgF",Thu Feb 04 04:04:07 +0000 2021
393,Scott Morrison,Our #HomeBuilder program has helped drive housing approvals in Australia to the highest level on record and is a key part of our comeback from this #COVID19 pandemic. Itâ€™s creating jobs and helping young Australians get into their first home. https://t.co/kClkYLPJ8K,Wed Feb 03 22:51:37 +0000 2021
394,Scott Morrison,"Excellent meeting virtually with our Pacific family of leaders. Congrats to my dear friend, former Cook Islands PM Henry Puna on his new role as SG, heâ€™ll do a great job, &amp; thank you to outgoing SG Dame Meg Taylor for her leadership, especially in these difficult #COVID19 times. https://t.co/Qpv2wBaHx5",Wed Feb 03 22:25:51 +0000 2021
395,Scott Morrison,"This is a well worth a watch. Professor Brendan Murphy, who heads the Government's expert advisory group on #COVID19 vaccines, clears up some of the misinformation about #COVID19 vaccines and treatments. https://t.co/7gsA7JYsHi",Wed Feb 03 22:20:39 +0000 2021
396,Scott Morrison,"Thank you once again to the people of Victoria for your patience and cooperation. Iâ€™m confident you'll get on top of this very quickly. Victorians know what to do. If you have symptoms, get tested and isolate until you get the results.",Wed Feb 03 22:13:53 +0000 2021
397,Scott Morrison,"Had a warm discussion with Chancellor Merkel last night. Swapped notes on #COVID19, vaccine strategies &amp; the impact on our economies. Discussed developing new energy technologies together, our interests in the Indo-Pacific &amp; our shared &amp; deep concerns about events in Myanmar ğŸ‡¦ğŸ‡ºğŸ‡©ğŸ‡ª",Mon Feb 01 21:10:35 +0000 2021
398,Scott Morrison,The coming days will be difficult for many Western Australians but we're confident WA will be able to get on top of the current outbreak. A big thank you to everyone in WA for your patience and cooperation as we all work to fight this terrible virus.,Sun Jan 31 05:52:40 +0000 2021
